0,66,18,37,0,0,NONE,BEER,ACTIVE,OK,NONE
1,375,17,22,0,1,ALL,BEER,NONE,BAD,CRYPTO
2,430,15,25,4,1,VEGET,VINE,ACTIVE,AVARAGE,CASH
3,449,9,19,0,3,ALL,RUM,NONE,AVARAGE,BLIK
4,302,9,20,0,3,NONE,RUM,ACTIVE,BAD,BLIK
5,270,10,32,0,2,NONE,BEER,ALL,OK,CARD
6,333,11,10,4,2,NONE,BEER,REST,NONE,CRYPTO
7,61,3,30,4,0,NONE,VINE,REST,NONE,CASH
8,354,6,16,0,3,VEGET,VODKA,REST,NONE,BLIK
9,206,9,23,2,3,NONE,RUM,REST,AVARAGE,TRANSFER
10,192,8,31,2,1,VEGAN,LIQUEUR,NONE,GOOD,NONE
11,351,17,8,4,0,VEGAN,RUM,ACTIVE,BEST,CARD
12,61,12,18,0,2,NONE,BEER,ACTIVE,GOOD,CARD
13,48,19,5,4,0,VEGET,NONE,NONE,GOOD,CRYPTO
14,187,12,38,2,1,NONE,VINE,REST,BEST,NONE
15,324,1,10,0,2,NONE,RUM,NONE,NONE,CARD
16,320,13,31,4,2,ALL,LIQUEUR,ALL,NONE,CRYPTO
17,146,19,21,0,1,VEGAN,NONE,REST,AVARAGE,CASH
18,229,17,31,0,1,ALL,VINE,ACTIVE,GOOD,CARD
19,239,11,35,2,2,NONE,VINE,NONE,BEST,NONE
20,212,4,34,2,0,VEGET,VINE,ACTIVE,BAD,CASH
21,452,14,25,2,1,NONE,GIN,ACTIVE,GOOD,BLIK
22,63,15,3,0,3,ALL,VODKA,REST,BAD,BLIK
23,11,0,26,4,0,VEGET,VODKA,ALL,GOOD,CASH
24,189,2,3,2,0,NONE,VINE,ALL,OK,NONE
25,238,6,21,4,0,NONE,GIN,REST,BAD,TRANSFER
26,184,0,7,4,3,ALL,RUM,NONE,AVARAGE,TRANSFER
27,128,6,31,4,3,VEGAN,VODKA,ALL,BEST,NONE
28,173,1,27,2,2,VEGAN,BEER,NONE,GOOD,BLIK
29,152,4,16,2,1,VEGAN,GIN,ACTIVE,AVARAGE,CARD
30,363,11,34,4,1,VEGET,RUM,ALL,BAD,CRYPTO
31,450,6,21,0,2,VEGET,NONE,NONE,OK,TRANSFER
32,295,9,38,2,0,ALL,VODKA,NONE,BEST,CASH
33,331,12,1,2,1,NONE,GIN,TOURING,AVARAGE,CRYPTO
34,255,12,38,4,2,NONE,NONE,ALL,OK,NONE
35,332,9,10,0,3,VEGET,GIN,TOURING,NONE,CARD
36,237,14,6,0,1,ALL,LIQUEUR,ACTIVE,NONE,BLIK
37,431,17,17,2,2,VEGET,BEER,REST,OK,NONE
38,110,12,13,4,3,VEGAN,NONE,REST,AVARAGE,CASH
39,234,8,3,2,3,NONE,RUM,REST,NONE,CASH
40,343,7,14,0,0,NONE,VINE,NONE,GOOD,CARD
41,76,18,12,2,1,VEGAN,LIQUEUR,ACTIVE,NONE,CRYPTO
42,295,18,23,0,0,VEGAN,BEER,NONE,NONE,CRYPTO
43,240,16,4,2,3,VEGET,BEER,NONE,NONE,CRYPTO
44,353,10,14,2,3,NONE,VODKA,ALL,GOOD,NONE
45,264,14,7,2,0,NONE,GIN,ACTIVE,BEST,TRANSFER
46,184,3,1,0,3,NONE,VODKA,TOURING,AVARAGE,NONE
47,89,2,13,0,2,NONE,VINE,ALL,BAD,CARD
48,381,13,31,2,1,VEGET,RUM,NONE,BEST,BLIK
49,324,5,19,0,0,NONE,VINE,NONE,GOOD,TRANSFER
50,433,2,12,0,3,NONE,BEER,NONE,GOOD,BLIK
51,45,16,15,4,0,VEGET,RUM,REST,NONE,TRANSFER
52,339,7,32,0,0,NONE,LIQUEUR,ACTIVE,BEST,CARD
53,15,9,30,2,1,VEGET,NONE,ACTIVE,GOOD,CRYPTO
54,103,8,9,2,1,VEGET,VODKA,ALL,AVARAGE,BLIK
55,244,14,9,2,0,NONE,VINE,ACTIVE,BEST,CARD
56,123,17,10,4,0,ALL,LIQUEUR,TOURING,BEST,CARD
57,289,9,37,2,1,VEGAN,LIQUEUR,TOURING,GOOD,CASH
58,229,2,36,4,2,NONE,LIQUEUR,ACTIVE,GOOD,NONE
59,200,14,38,0,0,NONE,RUM,REST,NONE,BLIK
60,362,13,11,0,2,VEGAN,BEER,TOURING,GOOD,CARD
61,57,18,33,0,1,VEGAN,VINE,ACTIVE,OK,CASH
62,18,10,10,2,3,ALL,RUM,ALL,BAD,CASH
63,291,5,2,2,0,ALL,VODKA,REST,BAD,NONE
64,214,7,23,4,1,VEGET,BEER,NONE,BEST,CASH
65,407,5,36,2,3,VEGAN,NONE,NONE,BAD,CARD
66,353,14,8,4,0,ALL,VINE,TOURING,AVARAGE,NONE
67,250,7,39,0,2,NONE,RUM,ACTIVE,NONE,TRANSFER
68,293,11,33,0,1,NONE,GIN,ALL,BAD,BLIK
69,11,10,20,4,1,ALL,VINE,TOURING,OK,CARD
70,365,17,31,2,1,VEGAN,VINE,NONE,AVARAGE,CASH
71,295,7,30,2,1,VEGAN,RUM,ACTIVE,GOOD,CRYPTO
72,414,0,20,2,3,ALL,VINE,ACTIVE,BAD,CRYPTO
73,417,5,39,4,1,NONE,BEER,REST,NONE,NONE
74,35,12,19,4,0,VEGET,VODKA,ALL,NONE,CRYPTO
75,372,17,31,2,1,VEGAN,VINE,NONE,NONE,BLIK
76,20,8,7,0,2,NONE,NONE,TOURING,OK,CASH
77,446,3,2,2,3,NONE,VODKA,NONE,BEST,BLIK
78,146,14,15,0,1,ALL,NONE,NONE,OK,CRYPTO
79,58,18,23,2,1,VEGET,VODKA,ACTIVE,BEST,CASH
80,300,6,20,4,1,ALL,LIQUEUR,ALL,BEST,CARD
81,270,17,33,0,3,ALL,RUM,REST,BAD,CASH
82,198,4,11,4,1,NONE,NONE,TOURING,AVARAGE,CRYPTO
83,451,19,13,2,1,ALL,LIQUEUR,TOURING,GOOD,TRANSFER
84,179,2,37,4,3,VEGET,BEER,ACTIVE,BEST,NONE
85,172,9,9,2,3,NONE,VODKA,ALL,BAD,BLIK
86,76,14,26,0,0,ALL,BEER,ALL,AVARAGE,BLIK
87,440,14,34,2,0,VEGET,RUM,TOURING,OK,CRYPTO
88,426,8,39,0,1,VEGET,RUM,NONE,OK,CRYPTO
89,403,3,36,0,1,VEGET,VODKA,REST,NONE,NONE
90,239,16,39,2,3,VEGET,LIQUEUR,ACTIVE,OK,CARD
91,456,4,22,0,3,NONE,GIN,NONE,OK,CARD
92,341,2,14,0,3,VEGET,NONE,ALL,BEST,CASH
93,129,10,21,2,3,ALL,VODKA,TOURING,BAD,CRYPTO
94,271,18,13,4,2,NONE,RUM,ALL,BAD,BLIK
95,139,1,22,2,0,ALL,BEER,ACTIVE,OK,NONE
96,397,13,5,2,0,ALL,RUM,TOURING,OK,CASH
97,139,12,18,0,1,VEGET,VINE,NONE,BAD,CRYPTO
98,245,8,25,2,3,VEGET,GIN,NONE,OK,TRANSFER
99,84,0,9,0,1,VEGET,LIQUEUR,ACTIVE,AVARAGE,TRANSFER
100,138,4,38,0,2,VEGAN,LIQUEUR,ACTIVE,GOOD,CARD
101,330,14,36,4,3,VEGAN,RUM,REST,BEST,CARD
102,384,11,14,0,1,VEGAN,NONE,REST,OK,TRANSFER
103,419,16,5,0,2,VEGET,NONE,NONE,OK,CASH
104,245,18,4,2,3,NONE,VODKA,REST,GOOD,BLIK
105,85,14,12,0,1,NONE,VODKA,NONE,OK,NONE
106,92,14,27,0,2,NONE,GIN,TOURING,GOOD,TRANSFER
107,300,16,3,0,2,NONE,NONE,NONE,NONE,CRYPTO
108,239,11,9,4,2,ALL,NONE,ACTIVE,GOOD,NONE
109,316,6,11,0,1,VEGAN,GIN,ALL,NONE,CARD
110,89,9,22,2,1,VEGET,VINE,REST,OK,CRYPTO
111,186,12,1,4,3,ALL,RUM,NONE,BEST,BLIK
112,104,10,12,0,2,VEGET,VODKA,TOURING,NONE,CARD
113,106,0,20,2,0,ALL,GIN,ACTIVE,OK,TRANSFER
114,228,2,36,0,1,NONE,GIN,TOURING,BEST,CASH
115,328,17,26,2,1,VEGAN,LIQUEUR,ACTIVE,BEST,TRANSFER
116,17,6,34,0,2,VEGAN,VINE,NONE,NONE,NONE
117,425,0,28,4,1,NONE,GIN,ALL,GOOD,CARD
118,130,19,39,2,0,VEGET,RUM,TOURING,BAD,NONE
119,120,5,10,2,3,VEGAN,RUM,ALL,GOOD,BLIK
120,123,0,31,2,0,VEGAN,BEER,REST,BAD,NONE
121,269,15,17,2,0,VEGAN,LIQUEUR,NONE,AVARAGE,BLIK
122,239,10,20,4,1,VEGET,GIN,ALL,BAD,CARD
123,7,8,17,4,2,NONE,GIN,REST,GOOD,TRANSFER
124,389,15,29,4,2,NONE,NONE,NONE,BAD,BLIK
125,0,8,2,2,1,VEGET,VINE,ACTIVE,NONE,CARD
126,237,9,25,0,3,NONE,GIN,ALL,NONE,CARD
127,322,12,12,2,0,NONE,VINE,ACTIVE,BAD,BLIK
128,110,16,33,2,0,NONE,RUM,NONE,BAD,CASH
129,21,10,10,4,3,VEGAN,LIQUEUR,NONE,NONE,CARD
130,438,18,11,4,3,VEGAN,VINE,NONE,AVARAGE,CARD
131,457,14,12,0,2,ALL,VINE,NONE,BEST,CARD
132,77,6,38,2,0,VEGAN,VODKA,TOURING,GOOD,NONE
133,124,16,6,4,1,VEGAN,GIN,ALL,BEST,CASH
134,338,4,29,4,2,NONE,RUM,NONE,BAD,CARD
135,38,16,33,2,3,VEGET,RUM,TOURING,AVARAGE,CARD
136,262,19,35,4,0,VEGET,BEER,REST,GOOD,CASH
137,168,5,12,0,0,VEGET,GIN,TOURING,GOOD,TRANSFER
138,402,12,21,0,0,VEGAN,NONE,ACTIVE,BAD,TRANSFER
139,74,1,2,2,3,NONE,BEER,NONE,NONE,CRYPTO
140,284,2,21,0,0,VEGET,LIQUEUR,TOURING,OK,CARD
141,337,0,36,0,3,VEGET,RUM,NONE,OK,NONE
142,422,13,20,0,3,ALL,VODKA,REST,AVARAGE,NONE
143,253,12,10,4,0,VEGAN,NONE,NONE,GOOD,CASH
144,242,3,2,0,1,VEGET,BEER,ACTIVE,AVARAGE,TRANSFER
145,378,16,25,4,1,NONE,BEER,TOURING,AVARAGE,TRANSFER
146,23,12,34,0,2,VEGAN,RUM,ALL,AVARAGE,CARD
147,213,1,9,2,1,ALL,RUM,ALL,OK,CRYPTO
148,68,18,36,4,3,VEGAN,BEER,NONE,OK,CRYPTO
149,233,9,38,0,3,VEGET,RUM,REST,GOOD,BLIK
150,210,1,7,4,2,VEGET,VODKA,TOURING,BEST,TRANSFER
151,114,1,31,2,1,VEGET,RUM,ACTIVE,AVARAGE,BLIK
152,8,4,9,0,0,VEGAN,NONE,REST,AVARAGE,CARD
153,210,2,26,4,3,ALL,LIQUEUR,TOURING,BEST,NONE
154,320,4,1,4,0,VEGET,GIN,TOURING,AVARAGE,CARD
155,333,14,30,0,0,VEGAN,GIN,ALL,GOOD,CRYPTO
156,43,0,3,4,2,VEGAN,LIQUEUR,REST,GOOD,CARD
157,47,13,11,0,2,NONE,LIQUEUR,NONE,BAD,CARD
158,236,13,9,2,1,ALL,LIQUEUR,ALL,AVARAGE,TRANSFER
159,181,17,8,4,3,VEGAN,GIN,REST,OK,CASH
160,280,11,17,0,1,NONE,NONE,ALL,NONE,CRYPTO
161,51,18,5,2,3,NONE,BEER,NONE,BEST,BLIK
162,100,12,3,0,1,VEGAN,GIN,NONE,AVARAGE,CARD
163,437,3,28,0,3,VEGAN,RUM,ALL,AVARAGE,CRYPTO
164,128,16,27,2,3,VEGET,VODKA,REST,BEST,CARD
165,362,8,1,0,2,NONE,VODKA,ALL,GOOD,NONE
166,324,2,35,4,0,ALL,VINE,ALL,AVARAGE,CRYPTO
167,5,13,1,0,3,VEGAN,RUM,NONE,GOOD,CASH
168,145,14,5,4,2,VEGET,BEER,ACTIVE,BAD,CASH
169,334,2,13,0,2,NONE,LIQUEUR,REST,NONE,CARD
170,49,10,11,4,0,ALL,BEER,TOURING,BEST,CRYPTO
171,60,12,14,4,3,NONE,LIQUEUR,REST,OK,CARD
172,198,1,17,2,2,VEGAN,BEER,ALL,OK,CASH
173,122,8,21,2,3,VEGET,LIQUEUR,NONE,GOOD,TRANSFER
174,211,1,38,4,1,NONE,VINE,NONE,GOOD,CASH
175,107,10,28,4,1,ALL,RUM,ACTIVE,AVARAGE,CRYPTO
176,172,4,37,0,1,VEGET,RUM,ALL,OK,CRYPTO
177,290,3,31,2,1,ALL,VODKA,ACTIVE,NONE,BLIK
178,288,15,12,2,0,NONE,GIN,ACTIVE,GOOD,BLIK
179,248,15,15,4,3,VEGET,RUM,REST,AVARAGE,TRANSFER
180,21,10,38,2,1,VEGET,VODKA,NONE,NONE,CASH
181,124,17,34,0,3,ALL,VODKA,TOURING,AVARAGE,NONE
182,3,15,39,2,1,VEGET,RUM,TOURING,AVARAGE,CARD
183,53,4,7,0,3,VEGET,VINE,ALL,BEST,BLIK
184,135,12,32,0,1,VEGAN,VODKA,TOURING,BEST,CASH
185,238,14,1,0,1,VEGAN,GIN,ACTIVE,BAD,CARD
186,154,15,24,4,1,NONE,NONE,ACTIVE,NONE,CASH
187,195,3,8,2,2,VEGET,LIQUEUR,ALL,BAD,NONE
188,177,9,28,4,3,ALL,GIN,TOURING,BEST,CASH
189,145,12,24,0,2,VEGET,NONE,ACTIVE,NONE,CRYPTO
190,412,5,26,0,0,VEGAN,VODKA,TOURING,GOOD,BLIK
191,287,9,4,4,2,VEGET,GIN,ACTIVE,AVARAGE,CRYPTO
192,279,2,13,2,3,NONE,NONE,REST,BAD,BLIK
193,264,8,18,4,3,NONE,GIN,ALL,NONE,CARD
194,200,15,31,2,0,VEGET,VINE,TOURING,NONE,BLIK
195,188,15,33,2,0,ALL,BEER,ALL,NONE,TRANSFER
196,245,19,23,0,0,NONE,RUM,ACTIVE,OK,CRYPTO
197,347,15,19,2,2,ALL,LIQUEUR,REST,NONE,CRYPTO
198,51,8,20,2,0,NONE,NONE,NONE,BAD,CARD
199,426,9,23,4,2,VEGET,GIN,ALL,BAD,CARD
200,424,4,6,4,2,NONE,BEER,REST,NONE,CASH
201,400,18,12,4,0,ALL,VODKA,ALL,GOOD,NONE
202,350,1,17,0,1,ALL,LIQUEUR,ALL,BAD,NONE
203,201,10,18,4,2,VEGAN,VODKA,ALL,BEST,CARD
204,173,8,20,2,2,ALL,LIQUEUR,ACTIVE,BAD,CRYPTO
205,133,6,29,2,3,VEGAN,GIN,ALL,GOOD,NONE
206,110,17,37,0,1,NONE,BEER,ALL,GOOD,NONE
207,96,2,3,0,1,VEGET,RUM,REST,GOOD,NONE
208,100,14,33,2,2,NONE,NONE,NONE,AVARAGE,NONE
209,140,5,37,4,0,ALL,VINE,NONE,BAD,CRYPTO
210,386,6,17,0,3,VEGET,LIQUEUR,ALL,BAD,CRYPTO
211,267,19,21,0,1,NONE,RUM,ACTIVE,AVARAGE,TRANSFER
212,442,10,20,4,0,ALL,RUM,TOURING,BEST,BLIK
213,126,6,30,2,3,ALL,RUM,REST,BEST,BLIK
214,265,18,7,4,1,NONE,VODKA,NONE,GOOD,CRYPTO
215,62,5,17,4,0,VEGAN,BEER,REST,AVARAGE,CASH
216,379,17,23,2,3,NONE,BEER,REST,NONE,TRANSFER
217,1,13,18,4,2,ALL,BEER,REST,OK,CASH
218,401,18,27,0,2,VEGET,RUM,NONE,AVARAGE,CARD
219,151,14,5,2,3,VEGAN,BEER,ACTIVE,GOOD,TRANSFER
220,437,10,14,2,2,ALL,NONE,REST,AVARAGE,CRYPTO
221,210,1,6,2,2,ALL,NONE,ACTIVE,BAD,CRYPTO
222,58,6,37,2,0,NONE,VODKA,TOURING,AVARAGE,CRYPTO
223,440,11,27,2,3,VEGAN,BEER,ACTIVE,OK,BLIK
224,115,6,10,2,3,VEGAN,BEER,REST,OK,CRYPTO
225,304,1,11,0,2,NONE,NONE,TOURING,OK,BLIK
226,364,2,37,0,0,NONE,GIN,ACTIVE,GOOD,TRANSFER
227,402,12,16,4,3,VEGET,GIN,ALL,AVARAGE,BLIK
228,203,5,2,4,1,VEGAN,VODKA,ALL,NONE,BLIK
229,19,11,28,4,1,ALL,RUM,NONE,BEST,NONE
230,80,19,28,2,1,VEGET,VINE,ALL,BAD,CRYPTO
231,451,0,23,2,0,VEGET,VINE,REST,BEST,CASH
232,213,18,24,2,3,ALL,GIN,NONE,AVARAGE,CRYPTO
233,385,8,23,4,0,NONE,VODKA,ALL,NONE,CASH
234,36,16,9,0,0,ALL,VODKA,ACTIVE,GOOD,CASH
235,157,6,32,2,0,VEGET,NONE,NONE,OK,CARD
236,9,0,11,4,3,ALL,BEER,TOURING,BEST,CRYPTO
237,444,2,11,0,2,NONE,GIN,ACTIVE,BAD,CARD
238,458,18,3,0,2,NONE,VINE,NONE,BEST,CRYPTO
239,69,13,18,0,0,NONE,VINE,ACTIVE,BEST,NONE
240,297,11,5,2,0,VEGAN,BEER,ACTIVE,OK,CRYPTO
241,190,12,8,2,3,NONE,LIQUEUR,ACTIVE,BEST,CARD
242,454,5,26,2,0,VEGAN,VINE,REST,BEST,BLIK
243,305,2,1,4,2,NONE,RUM,REST,NONE,CARD
244,453,19,9,0,0,VEGET,GIN,ACTIVE,AVARAGE,CASH
245,92,6,29,0,2,NONE,RUM,ALL,AVARAGE,BLIK
246,441,4,37,4,2,VEGAN,BEER,ACTIVE,BEST,CRYPTO
247,14,5,17,4,0,VEGET,GIN,TOURING,BAD,CRYPTO
248,333,13,16,2,3,ALL,RUM,REST,OK,TRANSFER
249,216,10,14,4,2,NONE,GIN,NONE,BEST,BLIK
250,166,5,19,4,2,ALL,NONE,NONE,BEST,CASH
251,235,7,37,0,3,NONE,BEER,ALL,OK,CARD
252,74,8,20,0,2,VEGAN,RUM,ACTIVE,NONE,BLIK
253,335,12,12,4,1,VEGAN,NONE,TOURING,BEST,CASH
254,236,18,34,4,2,VEGET,VINE,REST,BEST,CRYPTO
255,292,7,16,0,0,NONE,LIQUEUR,TOURING,NONE,CASH
256,433,2,26,4,0,NONE,BEER,REST,NONE,BLIK
257,343,19,5,4,0,VEGAN,LIQUEUR,ALL,BAD,NONE
258,182,17,30,0,1,VEGAN,VODKA,ALL,BAD,BLIK
259,188,4,13,4,2,NONE,BEER,NONE,GOOD,BLIK
260,91,8,39,0,0,NONE,VODKA,NONE,NONE,CASH
261,62,14,33,2,0,VEGET,VINE,REST,BAD,BLIK
262,226,2,1,2,3,VEGET,VINE,REST,NONE,CASH
263,187,8,23,4,2,VEGAN,NONE,REST,OK,CASH
264,43,17,26,4,1,NONE,VINE,TOURING,AVARAGE,TRANSFER
265,213,12,10,4,0,VEGAN,VODKA,ALL,GOOD,CRYPTO
266,423,15,39,0,3,VEGET,VINE,ACTIVE,AVARAGE,CARD
267,333,17,36,4,2,VEGET,RUM,ALL,NONE,TRANSFER
268,143,16,22,4,1,VEGAN,GIN,REST,BEST,CASH
269,31,1,39,4,1,NONE,GIN,TOURING,BAD,CARD
270,284,7,8,2,0,ALL,VINE,ACTIVE,BEST,TRANSFER
271,265,10,31,4,3,VEGET,BEER,REST,OK,BLIK
272,156,5,34,2,3,NONE,VODKA,NONE,BAD,NONE
273,35,14,39,2,1,VEGAN,BEER,NONE,AVARAGE,CARD
274,98,16,17,4,2,VEGET,BEER,TOURING,OK,TRANSFER
275,195,10,20,2,3,VEGAN,LIQUEUR,ALL,NONE,TRANSFER
276,269,16,18,0,2,VEGAN,LIQUEUR,REST,BEST,BLIK
277,49,16,7,2,0,VEGAN,RUM,REST,BEST,CASH
278,149,11,24,0,1,NONE,VODKA,REST,BEST,CRYPTO
279,38,14,7,0,3,VEGET,VINE,ACTIVE,BAD,NONE
280,332,2,11,0,3,NONE,NONE,REST,OK,NONE
281,42,2,35,2,2,ALL,LIQUEUR,NONE,GOOD,CASH
282,0,12,17,0,2,ALL,VODKA,REST,NONE,NONE
283,195,19,11,0,2,ALL,RUM,TOURING,GOOD,CARD
284,249,10,27,0,3,VEGET,VODKA,NONE,BAD,CARD
285,111,14,29,0,3,VEGAN,NONE,ALL,BAD,BLIK
286,348,15,11,0,1,VEGET,VINE,TOURING,OK,TRANSFER
287,104,17,39,0,0,ALL,RUM,TOURING,NONE,BLIK
288,428,18,10,2,2,VEGET,VINE,ALL,BAD,BLIK
289,242,4,36,0,1,VEGET,VINE,NONE,BAD,CRYPTO
290,202,9,37,0,0,ALL,VODKA,REST,AVARAGE,NONE
291,129,14,23,0,0,NONE,VINE,REST,GOOD,CARD
292,143,19,39,4,1,NONE,BEER,TOURING,BAD,TRANSFER
293,65,8,19,4,2,ALL,BEER,TOURING,OK,CARD
294,22,16,15,0,2,NONE,NONE,ACTIVE,NONE,CRYPTO
295,271,7,39,0,3,NONE,VINE,ALL,AVARAGE,CASH
296,54,12,23,4,1,VEGET,NONE,REST,BAD,CRYPTO
297,13,7,35,2,0,VEGAN,RUM,TOURING,NONE,NONE
298,136,3,38,2,0,NONE,VODKA,NONE,OK,NONE
299,280,9,8,0,3,ALL,NONE,ACTIVE,NONE,NONE
300,22,4,27,2,1,NONE,GIN,ACTIVE,NONE,BLIK
301,100,1,10,4,2,VEGET,GIN,NONE,NONE,CRYPTO
302,170,0,8,4,0,VEGET,GIN,ALL,NONE,CRYPTO
303,180,6,32,4,1,VEGAN,GIN,NONE,BEST,CRYPTO
304,299,19,33,2,0,VEGET,RUM,ACTIVE,AVARAGE,NONE
305,395,18,16,4,2,VEGAN,NONE,TOURING,OK,CARD
306,24,15,36,4,1,NONE,BEER,ALL,BEST,CARD
307,79,14,20,2,2,VEGET,NONE,ACTIVE,NONE,BLIK
308,174,9,31,4,1,VEGAN,GIN,ACTIVE,BEST,BLIK
309,417,9,36,2,1,VEGET,GIN,REST,AVARAGE,NONE
310,215,6,17,2,1,VEGET,GIN,ACTIVE,BAD,TRANSFER
311,113,6,22,2,2,VEGAN,RUM,TOURING,BEST,CRYPTO
312,428,0,28,0,1,VEGET,GIN,TOURING,BAD,BLIK
313,87,15,3,0,1,ALL,BEER,ACTIVE,OK,BLIK
314,143,12,39,0,3,ALL,VODKA,TOURING,OK,CASH
315,169,12,22,0,0,ALL,NONE,NONE,GOOD,NONE
316,428,0,34,4,1,ALL,LIQUEUR,NONE,BAD,CRYPTO
317,306,2,18,4,0,NONE,GIN,REST,AVARAGE,CARD
318,78,8,34,4,1,VEGET,LIQUEUR,TOURING,BAD,CASH
319,95,5,17,0,0,ALL,VODKA,ACTIVE,OK,NONE
320,392,6,18,4,1,VEGAN,BEER,NONE,GOOD,CRYPTO
321,280,0,37,0,2,VEGET,RUM,NONE,AVARAGE,NONE
322,362,8,11,4,3,NONE,GIN,NONE,AVARAGE,CRYPTO
323,390,18,19,2,1,VEGET,BEER,ACTIVE,GOOD,TRANSFER
324,205,10,13,4,2,NONE,BEER,ACTIVE,GOOD,BLIK
325,143,15,7,2,3,ALL,RUM,TOURING,OK,CARD
326,202,4,27,4,2,VEGAN,LIQUEUR,NONE,NONE,TRANSFER
327,457,12,24,4,3,NONE,NONE,REST,BAD,CASH
328,319,4,12,2,1,VEGAN,VINE,NONE,OK,CARD
329,304,0,8,0,2,VEGAN,VINE,TOURING,BAD,NONE
330,138,19,28,0,3,VEGET,VODKA,REST,GOOD,CRYPTO
331,50,8,36,0,3,VEGAN,GIN,ALL,GOOD,NONE
332,82,12,10,4,2,VEGAN,VODKA,ALL,NONE,TRANSFER
333,441,4,11,2,3,ALL,BEER,ALL,BAD,TRANSFER
334,174,1,3,4,1,VEGAN,VINE,ALL,OK,CASH
335,55,7,25,0,2,VEGET,LIQUEUR,REST,OK,NONE
336,12,10,14,2,2,VEGET,GIN,ACTIVE,AVARAGE,BLIK
337,83,5,25,0,2,ALL,LIQUEUR,ACTIVE,BAD,NONE
338,407,3,13,4,2,VEGAN,BEER,ALL,NONE,BLIK
339,387,3,2,4,1,VEGET,LIQUEUR,TOURING,GOOD,NONE
340,141,11,1,0,1,VEGAN,BEER,ACTIVE,OK,CARD
341,305,7,29,0,2,VEGAN,BEER,ALL,NONE,CASH
342,367,13,35,4,2,VEGET,BEER,REST,OK,TRANSFER
343,151,0,32,0,0,NONE,BEER,REST,OK,CARD
344,37,13,13,4,1,NONE,GIN,REST,GOOD,TRANSFER
345,107,3,18,4,3,NONE,GIN,TOURING,BEST,CARD
346,119,0,15,2,2,VEGAN,LIQUEUR,NONE,AVARAGE,CRYPTO
347,259,12,37,2,2,NONE,GIN,ALL,NONE,NONE
348,285,7,10,0,0,NONE,VINE,REST,NONE,CRYPTO
349,52,8,38,4,0,ALL,NONE,NONE,BEST,TRANSFER
350,96,2,29,4,3,NONE,VINE,ALL,GOOD,TRANSFER
351,417,12,19,2,2,VEGET,GIN,ACTIVE,OK,BLIK
352,118,11,8,2,2,VEGET,VODKA,ALL,NONE,CASH
353,209,13,12,0,2,ALL,NONE,ALL,GOOD,CRYPTO
354,400,16,19,4,0,NONE,VODKA,ALL,NONE,CASH
355,253,12,14,4,2,NONE,GIN,NONE,NONE,CRYPTO
356,404,14,31,2,1,ALL,LIQUEUR,ACTIVE,BAD,CARD
357,344,1,28,0,3,NONE,NONE,NONE,NONE,CARD
358,408,7,26,2,0,NONE,BEER,NONE,BAD,CASH
359,355,7,11,2,3,VEGET,VINE,TOURING,AVARAGE,BLIK
360,409,19,3,0,3,VEGET,GIN,ACTIVE,BEST,CRYPTO
361,50,19,29,2,0,NONE,VODKA,TOURING,NONE,CASH
362,433,15,17,2,2,VEGET,VODKA,ALL,BEST,TRANSFER
363,7,13,21,2,2,VEGAN,LIQUEUR,ALL,BEST,CARD
364,232,9,38,4,0,ALL,BEER,TOURING,AVARAGE,BLIK
365,420,10,8,0,3,ALL,BEER,REST,BEST,CRYPTO
366,68,15,12,0,3,VEGAN,BEER,NONE,OK,TRANSFER
367,196,7,15,4,2,VEGAN,LIQUEUR,REST,GOOD,CRYPTO
368,134,16,14,4,1,NONE,VODKA,ACTIVE,NONE,BLIK
369,250,5,31,4,2,VEGET,GIN,REST,BAD,NONE
370,111,11,19,2,3,NONE,RUM,ACTIVE,NONE,BLIK
371,207,10,3,0,3,VEGAN,GIN,ACTIVE,BEST,CARD
372,100,8,22,4,2,NONE,NONE,ACTIVE,OK,CARD
373,131,12,12,4,2,NONE,RUM,TOURING,AVARAGE,TRANSFER
374,155,1,1,0,0,NONE,LIQUEUR,ALL,NONE,CRYPTO
375,457,9,16,4,1,ALL,VODKA,ALL,NONE,CARD
376,131,11,24,0,1,ALL,GIN,TOURING,OK,CARD
377,115,1,1,0,0,ALL,BEER,REST,GOOD,CASH
378,61,12,25,0,2,NONE,RUM,ACTIVE,GOOD,TRANSFER
379,388,14,5,0,3,ALL,RUM,NONE,AVARAGE,CARD
380,99,14,18,0,1,VEGET,NONE,NONE,GOOD,TRANSFER
381,362,9,33,2,0,ALL,LIQUEUR,ACTIVE,NONE,NONE
382,196,7,16,2,1,VEGAN,RUM,REST,BAD,CARD
383,262,13,14,4,0,NONE,NONE,NONE,BAD,BLIK
384,5,3,13,4,0,NONE,NONE,ALL,NONE,TRANSFER
385,201,1,21,0,1,VEGAN,VODKA,TOURING,OK,BLIK
386,363,16,38,2,3,ALL,BEER,REST,BAD,CASH
387,128,13,29,0,2,NONE,GIN,NONE,BEST,BLIK
388,233,2,35,2,1,VEGET,NONE,ALL,BEST,TRANSFER
389,432,1,1,0,3,ALL,RUM,TOURING,NONE,TRANSFER
390,347,11,9,0,3,VEGET,VINE,NONE,BAD,BLIK
391,425,5,4,0,1,ALL,NONE,ACTIVE,BAD,NONE
392,396,11,26,4,3,NONE,BEER,TOURING,OK,NONE
393,123,12,23,2,1,ALL,NONE,ACTIVE,NONE,CARD
394,37,15,19,4,3,VEGET,BEER,NONE,NONE,CRYPTO
395,96,8,38,4,1,ALL,VODKA,ACTIVE,AVARAGE,CRYPTO
396,339,2,18,4,3,ALL,RUM,TOURING,NONE,TRANSFER
397,288,13,3,2,3,NONE,RUM,ALL,BAD,CASH
398,258,8,5,0,2,VEGAN,BEER,REST,BAD,CARD
399,33,13,22,0,1,ALL,VODKA,TOURING,BEST,BLIK
400,302,3,6,0,2,ALL,VINE,ALL,GOOD,CARD
401,60,4,12,2,1,VEGET,NONE,ALL,BEST,CARD
402,17,8,8,4,2,NONE,LIQUEUR,ACTIVE,AVARAGE,CARD
403,425,8,24,0,1,VEGET,VODKA,TOURING,NONE,BLIK
404,269,2,6,2,1,VEGAN,BEER,ACTIVE,BAD,BLIK
405,385,7,8,4,1,ALL,RUM,TOURING,AVARAGE,CRYPTO
406,13,1,22,4,0,VEGAN,NONE,REST,BAD,CARD
407,374,3,29,4,1,NONE,GIN,NONE,BAD,TRANSFER
408,19,9,14,4,3,VEGAN,NONE,NONE,OK,NONE
409,326,18,37,4,1,VEGAN,RUM,ACTIVE,NONE,CASH
410,276,0,21,2,3,VEGET,GIN,REST,BEST,CASH
411,60,15,25,4,3,ALL,VODKA,NONE,BEST,CASH
412,326,1,5,2,3,VEGET,NONE,TOURING,BAD,BLIK
413,230,11,7,2,3,VEGET,VINE,REST,AVARAGE,TRANSFER
414,21,5,6,2,1,ALL,VODKA,REST,OK,CARD
415,459,0,31,2,1,NONE,VODKA,TOURING,NONE,NONE
416,169,4,14,2,3,ALL,LIQUEUR,ACTIVE,BEST,BLIK
417,117,19,19,4,0,VEGAN,BEER,TOURING,BAD,BLIK
418,231,13,26,4,2,VEGET,BEER,REST,GOOD,CASH
419,354,16,8,0,1,VEGET,VODKA,NONE,OK,CRYPTO
420,62,18,8,4,2,ALL,NONE,TOURING,AVARAGE,CASH
421,240,11,12,0,2,ALL,NONE,REST,OK,NONE
422,12,19,5,2,3,VEGET,VODKA,ACTIVE,AVARAGE,NONE
423,245,0,30,4,3,ALL,BEER,NONE,NONE,TRANSFER
424,420,19,19,2,3,VEGAN,VODKA,ACTIVE,BAD,BLIK
425,163,7,29,2,1,NONE,RUM,TOURING,OK,CRYPTO
426,442,19,2,0,0,NONE,NONE,TOURING,NONE,CARD
427,436,14,7,2,2,VEGAN,NONE,NONE,OK,CASH
428,418,3,2,2,0,VEGAN,NONE,TOURING,NONE,NONE
429,330,19,18,0,2,VEGAN,BEER,NONE,NONE,CASH
430,410,14,39,2,3,VEGET,VINE,ALL,BAD,CRYPTO
431,334,17,21,4,0,VEGAN,NONE,REST,OK,TRANSFER
432,82,6,26,4,0,NONE,BEER,REST,GOOD,TRANSFER
433,97,13,9,2,3,VEGET,RUM,ACTIVE,BEST,CRYPTO
434,124,0,3,4,3,NONE,GIN,NONE,NONE,TRANSFER
435,23,4,25,0,1,VEGET,LIQUEUR,TOURING,AVARAGE,NONE
436,120,1,1,2,1,NONE,NONE,ACTIVE,AVARAGE,TRANSFER
437,459,4,11,2,0,ALL,GIN,TOURING,OK,TRANSFER
438,412,5,20,0,1,NONE,LIQUEUR,ALL,GOOD,TRANSFER
439,450,4,20,2,0,VEGAN,GIN,ACTIVE,BEST,TRANSFER
440,320,7,26,4,2,ALL,BEER,NONE,GOOD,CASH
441,76,4,17,2,1,ALL,VODKA,REST,BAD,BLIK
442,112,9,9,4,2,VEGAN,RUM,ACTIVE,BEST,CARD
443,11,13,29,4,3,NONE,NONE,ALL,BEST,CRYPTO
444,111,16,32,2,2,NONE,VODKA,REST,NONE,NONE
445,454,8,6,4,2,ALL,VODKA,TOURING,BEST,TRANSFER
446,283,19,10,0,2,NONE,BEER,TOURING,OK,BLIK
447,199,5,39,0,2,VEGET,LIQUEUR,NONE,BEST,TRANSFER
448,226,2,4,0,3,NONE,VODKA,REST,NONE,CRYPTO
449,128,15,12,4,1,ALL,VINE,NONE,OK,BLIK
450,160,2,6,0,3,VEGAN,RUM,REST,BAD,BLIK
451,391,17,33,0,3,NONE,NONE,ACTIVE,NONE,TRANSFER
452,305,10,8,0,1,NONE,BEER,ALL,OK,BLIK
453,206,3,28,0,0,NONE,BEER,ALL,BEST,CASH
454,245,15,2,2,1,NONE,BEER,NONE,GOOD,NONE
455,61,14,24,4,0,ALL,VODKA,TOURING,NONE,CARD
456,446,4,13,0,1,ALL,LIQUEUR,ALL,BEST,NONE
457,367,13,34,0,1,VEGET,RUM,REST,BEST,CARD
458,97,8,28,4,0,ALL,NONE,NONE,AVARAGE,BLIK
459,51,13,28,0,0,VEGAN,LIQUEUR,ALL,GOOD,TRANSFER
460,448,16,21,2,2,VEGET,NONE,REST,AVARAGE,NONE
461,336,15,7,2,3,VEGET,BEER,ACTIVE,GOOD,CARD
462,118,9,28,4,1,ALL,LIQUEUR,NONE,OK,BLIK
463,65,0,7,2,2,VEGAN,RUM,ALL,GOOD,TRANSFER
464,276,14,32,0,3,VEGET,VINE,NONE,AVARAGE,CRYPTO
465,446,12,32,4,0,ALL,GIN,NONE,BAD,CARD
466,40,5,12,2,0,ALL,GIN,ALL,NONE,CRYPTO
467,239,15,37,4,1,VEGAN,GIN,REST,OK,BLIK
468,327,7,6,4,2,NONE,BEER,ACTIVE,BEST,NONE
469,135,16,12,0,2,VEGET,RUM,NONE,GOOD,TRANSFER
470,52,17,15,0,3,VEGET,VODKA,REST,BEST,BLIK
471,137,15,37,0,3,VEGAN,NONE,ALL,GOOD,NONE
472,450,13,30,2,2,NONE,VODKA,ALL,OK,CRYPTO
473,149,9,32,4,0,VEGAN,LIQUEUR,REST,OK,NONE
474,446,1,1,0,2,VEGAN,GIN,REST,BEST,CASH
475,98,18,31,4,1,VEGAN,VINE,NONE,NONE,CARD
476,369,3,9,0,3,VEGAN,LIQUEUR,NONE,AVARAGE,NONE
477,30,15,34,0,3,ALL,LIQUEUR,NONE,OK,TRANSFER
478,275,14,32,2,1,ALL,VINE,REST,GOOD,CRYPTO
479,94,9,27,2,1,NONE,RUM,ALL,OK,BLIK
480,184,11,27,4,1,VEGET,LIQUEUR,REST,BEST,CRYPTO
481,94,17,19,0,2,VEGAN,RUM,ACTIVE,AVARAGE,BLIK
482,23,10,29,4,1,ALL,NONE,NONE,GOOD,TRANSFER
483,120,9,16,4,1,NONE,LIQUEUR,ACTIVE,OK,BLIK
484,169,15,27,4,1,NONE,BEER,TOURING,NONE,CASH
485,57,6,32,0,1,VEGAN,RUM,NONE,OK,NONE
486,12,3,5,4,3,ALL,LIQUEUR,ACTIVE,OK,TRANSFER
487,264,7,19,0,1,VEGET,VODKA,ALL,OK,NONE
488,152,16,26,4,0,ALL,GIN,REST,AVARAGE,CARD
489,374,17,29,4,3,NONE,BEER,TOURING,AVARAGE,CARD
490,141,17,19,0,0,NONE,NONE,TOURING,BEST,CASH
491,441,19,7,4,0,ALL,LIQUEUR,ALL,BAD,CASH
492,226,2,17,0,1,ALL,VODKA,NONE,OK,CARD
493,25,17,38,4,1,VEGAN,NONE,ACTIVE,NONE,TRANSFER
494,429,7,24,2,0,VEGET,BEER,TOURING,GOOD,BLIK
495,348,9,11,2,3,ALL,GIN,NONE,BEST,TRANSFER
496,99,2,38,0,3,VEGAN,VODKA,ACTIVE,BAD,CRYPTO
497,310,10,7,2,1,VEGAN,NONE,TOURING,AVARAGE,CRYPTO
498,253,14,4,4,3,VEGAN,BEER,ACTIVE,NONE,NONE
499,164,11,27,0,1,VEGET,LIQUEUR,ACTIVE,NONE,CASH
500,120,18,37,2,0,NONE,RUM,NONE,GOOD,CASH
501,431,14,30,2,3,ALL,VINE,TOURING,OK,CRYPTO
502,326,2,16,0,2,VEGET,RUM,REST,OK,BLIK
503,200,5,28,4,1,VEGAN,RUM,ALL,NONE,NONE
504,353,12,20,4,0,NONE,LIQUEUR,ALL,NONE,CRYPTO
505,342,16,6,2,3,VEGET,VODKA,REST,GOOD,TRANSFER
506,272,7,10,2,3,VEGET,LIQUEUR,ACTIVE,AVARAGE,NONE
507,244,1,27,4,3,VEGAN,NONE,NONE,NONE,NONE
508,352,3,26,4,0,ALL,BEER,NONE,BEST,BLIK
509,428,1,37,0,0,NONE,LIQUEUR,ALL,BAD,CASH
510,140,8,30,2,1,ALL,BEER,TOURING,OK,CARD
511,12,19,4,2,0,NONE,VINE,NONE,NONE,TRANSFER
512,444,17,7,2,0,VEGET,NONE,TOURING,AVARAGE,CASH
513,188,18,6,0,3,VEGET,RUM,ALL,BEST,NONE
514,191,12,26,0,1,ALL,NONE,REST,BAD,CARD
515,55,2,17,0,1,VEGET,BEER,REST,NONE,CARD
516,419,12,6,4,2,ALL,NONE,ALL,NONE,CARD
517,230,11,15,2,2,VEGET,NONE,REST,BAD,BLIK
518,264,16,3,0,3,VEGET,NONE,REST,NONE,TRANSFER
519,286,13,6,4,1,NONE,RUM,REST,BAD,CRYPTO
520,73,13,38,2,0,ALL,BEER,NONE,NONE,CARD
521,136,7,33,4,1,NONE,NONE,ACTIVE,GOOD,NONE
522,294,6,35,0,2,VEGET,RUM,REST,NONE,BLIK
523,415,12,34,2,0,VEGET,LIQUEUR,ALL,AVARAGE,CRYPTO
524,190,8,6,2,1,NONE,RUM,ALL,BAD,NONE
525,429,10,12,0,1,ALL,BEER,REST,BEST,BLIK
526,16,14,1,2,0,VEGET,LIQUEUR,ACTIVE,OK,CASH
527,258,16,4,2,0,VEGET,BEER,ALL,BEST,CASH
528,107,13,8,4,0,VEGET,VODKA,ACTIVE,BAD,NONE
529,449,14,26,0,0,ALL,RUM,REST,OK,CASH
530,236,19,12,0,3,ALL,RUM,TOURING,NONE,BLIK
531,223,18,28,2,3,NONE,LIQUEUR,NONE,GOOD,NONE
532,418,13,37,2,0,ALL,VODKA,REST,BAD,CARD
533,210,10,15,0,3,ALL,LIQUEUR,TOURING,BAD,BLIK
534,40,19,4,2,3,VEGET,NONE,NONE,GOOD,TRANSFER
535,334,16,24,2,3,NONE,LIQUEUR,REST,BEST,TRANSFER
536,14,7,6,2,3,NONE,VODKA,NONE,NONE,CARD
537,274,2,29,4,0,VEGAN,NONE,ACTIVE,GOOD,CARD
538,252,4,11,0,1,NONE,VODKA,ALL,NONE,CASH
539,305,19,21,0,1,ALL,NONE,REST,AVARAGE,CRYPTO
540,300,15,2,4,3,NONE,GIN,ACTIVE,OK,CARD
541,322,4,2,2,0,ALL,VODKA,NONE,OK,CASH
542,198,7,21,4,1,VEGET,BEER,ALL,NONE,CARD
543,458,3,29,2,2,VEGET,RUM,NONE,AVARAGE,BLIK
544,445,15,26,2,0,NONE,LIQUEUR,REST,NONE,BLIK
545,160,17,22,0,2,VEGAN,LIQUEUR,ALL,NONE,TRANSFER
546,428,5,15,2,1,VEGAN,VINE,REST,GOOD,CASH
547,186,18,2,4,1,ALL,VINE,ALL,GOOD,BLIK
548,369,17,8,4,0,VEGAN,GIN,REST,BAD,CASH
549,98,14,32,0,2,VEGAN,VODKA,ALL,BAD,BLIK
550,318,9,33,0,1,VEGAN,LIQUEUR,ACTIVE,BAD,CARD
551,59,6,25,2,0,VEGET,VODKA,REST,GOOD,CASH
552,346,10,38,4,1,VEGAN,VINE,TOURING,AVARAGE,NONE
553,458,12,14,0,3,VEGAN,NONE,ALL,BAD,CARD
554,425,16,16,0,1,VEGET,VINE,TOURING,NONE,BLIK
555,199,2,16,4,2,VEGET,RUM,REST,AVARAGE,CARD
556,247,14,25,2,3,NONE,VINE,TOURING,BEST,TRANSFER
557,24,1,3,0,1,VEGAN,VODKA,ACTIVE,OK,BLIK
558,33,1,35,4,1,VEGET,GIN,TOURING,BAD,CASH
559,455,1,8,4,3,VEGET,LIQUEUR,TOURING,OK,NONE
560,5,2,12,4,3,NONE,BEER,ALL,BEST,TRANSFER
561,203,16,9,4,3,NONE,LIQUEUR,ALL,NONE,CARD
562,16,17,27,2,0,NONE,LIQUEUR,TOURING,NONE,CRYPTO
563,210,7,29,4,1,VEGET,LIQUEUR,ALL,BAD,CRYPTO
564,341,12,31,4,1,VEGET,GIN,NONE,OK,BLIK
565,136,8,34,4,2,VEGET,GIN,ACTIVE,OK,CRYPTO
566,264,0,12,4,1,NONE,VODKA,ALL,BEST,TRANSFER
567,383,18,6,4,3,ALL,GIN,NONE,AVARAGE,NONE
568,404,10,31,0,3,VEGAN,BEER,TOURING,BAD,CARD
569,337,2,24,2,1,NONE,BEER,ACTIVE,BAD,CRYPTO
570,57,2,15,0,0,VEGET,NONE,ACTIVE,AVARAGE,BLIK
571,206,14,33,4,1,VEGET,NONE,TOURING,NONE,TRANSFER
572,142,11,29,2,0,NONE,VINE,TOURING,GOOD,CASH
573,19,14,38,4,3,VEGAN,GIN,NONE,NONE,CARD
574,133,3,20,0,0,VEGAN,VODKA,NONE,NONE,NONE
575,378,18,3,4,0,ALL,RUM,TOURING,GOOD,CARD
576,371,5,7,2,2,VEGAN,NONE,ALL,AVARAGE,BLIK
577,400,10,26,0,1,VEGET,VINE,ACTIVE,BEST,NONE
578,78,11,6,0,3,VEGET,VINE,NONE,GOOD,TRANSFER
579,217,5,33,0,1,VEGAN,GIN,TOURING,AVARAGE,CRYPTO
580,109,6,12,2,3,NONE,VINE,TOURING,BEST,CASH
581,454,12,8,0,1,NONE,GIN,REST,BAD,BLIK
582,96,2,36,0,3,VEGAN,VINE,ACTIVE,NONE,CRYPTO
583,396,13,35,4,2,VEGAN,VODKA,NONE,AVARAGE,CASH
584,368,4,7,2,0,NONE,RUM,REST,BAD,TRANSFER
585,19,7,7,4,3,NONE,VINE,ACTIVE,NONE,BLIK
586,361,9,5,4,1,NONE,BEER,ACTIVE,BEST,CRYPTO
587,92,7,5,2,0,VEGET,VINE,REST,OK,CASH
588,373,16,3,4,2,NONE,NONE,REST,BAD,NONE
589,303,14,38,4,0,ALL,BEER,REST,BAD,CRYPTO
590,319,0,8,0,0,NONE,LIQUEUR,ALL,AVARAGE,CASH
591,260,13,26,2,2,VEGAN,GIN,TOURING,NONE,NONE
592,212,18,20,4,3,VEGAN,VINE,REST,BEST,TRANSFER
593,441,4,18,2,2,ALL,VODKA,NONE,OK,NONE
594,337,7,34,2,2,NONE,NONE,ALL,OK,CRYPTO
595,307,15,16,0,1,ALL,VODKA,ACTIVE,NONE,CRYPTO
596,322,15,2,0,3,VEGAN,RUM,ACTIVE,BEST,CARD
597,453,9,8,4,1,ALL,VODKA,ACTIVE,BAD,TRANSFER
598,373,5,36,0,0,VEGAN,RUM,TOURING,NONE,BLIK
599,151,6,29,2,3,ALL,VODKA,ALL,NONE,CASH
600,371,14,15,0,0,NONE,LIQUEUR,REST,BEST,CRYPTO
601,151,7,12,4,1,ALL,NONE,TOURING,AVARAGE,TRANSFER
602,240,19,37,4,1,VEGAN,BEER,NONE,BEST,BLIK
603,261,12,38,0,1,VEGET,RUM,ALL,BAD,CRYPTO
604,117,12,6,4,1,NONE,LIQUEUR,TOURING,NONE,NONE
605,31,19,9,0,2,ALL,LIQUEUR,NONE,AVARAGE,TRANSFER
606,158,6,4,4,3,ALL,GIN,NONE,BEST,CRYPTO
607,279,10,23,4,0,ALL,VODKA,ALL,GOOD,CASH
608,447,16,34,0,0,NONE,RUM,ACTIVE,OK,CARD
609,92,18,37,4,3,NONE,LIQUEUR,NONE,NONE,CASH
610,394,9,11,0,2,ALL,RUM,TOURING,BAD,TRANSFER
611,134,17,18,2,3,ALL,NONE,NONE,OK,CASH
612,443,16,3,2,0,VEGET,GIN,NONE,BAD,CASH
613,317,4,39,4,3,ALL,BEER,TOURING,GOOD,CARD
614,160,4,9,2,3,VEGAN,LIQUEUR,ACTIVE,BAD,TRANSFER
615,308,10,38,4,3,VEGET,VINE,REST,AVARAGE,NONE
616,36,5,2,2,0,VEGAN,RUM,REST,BEST,CARD
617,435,12,34,4,3,NONE,VINE,ACTIVE,BAD,CASH
618,106,19,11,4,2,ALL,GIN,NONE,GOOD,TRANSFER
619,211,2,16,0,2,ALL,BEER,NONE,BEST,NONE
620,16,15,15,2,2,ALL,VODKA,ALL,OK,CRYPTO
621,65,9,20,0,2,NONE,NONE,ACTIVE,OK,TRANSFER
622,294,0,26,0,0,ALL,VINE,ACTIVE,NONE,CARD
623,303,14,19,2,1,NONE,VODKA,ALL,AVARAGE,CASH
624,432,11,2,0,0,ALL,NONE,NONE,BEST,CASH
625,257,7,10,4,3,NONE,VINE,ACTIVE,NONE,CASH
626,307,13,2,0,2,NONE,GIN,ALL,BEST,TRANSFER
627,309,8,33,2,2,ALL,VODKA,ALL,NONE,NONE
628,76,3,13,2,3,ALL,GIN,ACTIVE,BAD,CARD
629,94,8,31,2,3,ALL,VINE,REST,OK,BLIK
630,380,19,38,2,0,ALL,VINE,REST,BAD,CARD
631,294,16,26,4,2,VEGET,LIQUEUR,ALL,NONE,TRANSFER
632,76,10,3,4,3,VEGET,VODKA,NONE,NONE,BLIK
633,325,12,34,2,1,NONE,GIN,ACTIVE,GOOD,CASH
634,363,6,11,2,3,VEGAN,RUM,ALL,NONE,BLIK
635,396,8,21,0,0,VEGET,BEER,REST,GOOD,CASH
636,397,1,12,4,0,VEGAN,GIN,ALL,GOOD,TRANSFER
637,99,17,23,4,0,VEGET,BEER,ACTIVE,OK,NONE
638,415,2,18,0,0,ALL,RUM,NONE,BAD,TRANSFER
639,134,9,20,2,0,ALL,RUM,NONE,GOOD,BLIK
640,288,19,28,0,0,VEGET,LIQUEUR,ALL,BAD,NONE
641,434,19,13,0,0,VEGET,GIN,TOURING,BAD,BLIK
642,259,3,5,4,2,NONE,VINE,REST,BEST,CASH
643,103,12,5,4,1,VEGET,VINE,TOURING,GOOD,CARD
644,185,17,6,2,2,VEGET,NONE,ALL,AVARAGE,CASH
645,264,2,35,2,1,NONE,NONE,ALL,NONE,TRANSFER
646,217,13,35,0,0,VEGET,VODKA,ACTIVE,OK,BLIK
647,255,2,32,0,0,VEGET,RUM,NONE,AVARAGE,CARD
648,233,3,21,4,1,ALL,BEER,REST,AVARAGE,CRYPTO
649,386,7,20,2,2,VEGET,BEER,TOURING,OK,BLIK
650,164,6,16,0,1,VEGET,VODKA,ACTIVE,GOOD,CRYPTO
651,41,15,38,0,2,ALL,GIN,NONE,NONE,CRYPTO
652,181,18,38,4,3,VEGET,LIQUEUR,TOURING,AVARAGE,BLIK
653,18,7,30,0,3,ALL,RUM,NONE,NONE,NONE
654,366,19,2,0,2,VEGET,RUM,REST,GOOD,BLIK
655,42,14,28,4,2,NONE,VODKA,ALL,GOOD,BLIK
656,409,16,23,2,3,NONE,GIN,REST,BAD,NONE
657,197,11,2,2,0,VEGET,GIN,ALL,BAD,CASH
658,211,11,26,0,3,VEGAN,NONE,REST,OK,TRANSFER
659,73,8,19,0,1,ALL,VODKA,ACTIVE,BEST,NONE
660,387,3,7,0,3,ALL,VINE,ALL,AVARAGE,BLIK
661,358,13,10,0,0,NONE,RUM,ACTIVE,GOOD,NONE
662,256,16,39,0,2,NONE,BEER,ACTIVE,NONE,CRYPTO
663,265,5,36,0,0,ALL,GIN,ACTIVE,OK,TRANSFER
664,205,13,33,0,3,VEGAN,RUM,NONE,BAD,NONE
665,18,2,16,2,3,VEGET,LIQUEUR,ACTIVE,NONE,CASH
666,276,12,21,2,3,VEGAN,GIN,ALL,GOOD,CRYPTO
667,358,7,6,4,2,ALL,GIN,TOURING,AVARAGE,CARD
668,410,2,17,0,0,NONE,RUM,ACTIVE,OK,NONE
669,382,6,37,0,1,VEGET,NONE,ACTIVE,NONE,TRANSFER
670,306,9,1,0,2,ALL,LIQUEUR,TOURING,OK,BLIK
671,341,14,31,0,3,VEGET,RUM,REST,AVARAGE,CARD
672,10,18,4,4,1,VEGET,LIQUEUR,REST,GOOD,CARD
673,260,7,11,2,0,ALL,NONE,TOURING,BEST,CARD
674,5,9,33,4,0,NONE,BEER,REST,AVARAGE,TRANSFER
675,3,5,12,0,2,NONE,RUM,NONE,AVARAGE,TRANSFER
676,385,3,38,2,2,VEGET,VINE,TOURING,BEST,NONE
677,341,14,37,2,2,VEGET,RUM,TOURING,BAD,CARD
678,259,19,18,2,2,ALL,GIN,NONE,OK,NONE
679,413,11,4,4,0,ALL,BEER,REST,NONE,CRYPTO
680,424,1,36,0,0,ALL,BEER,ACTIVE,BEST,CRYPTO
681,324,4,12,4,0,NONE,LIQUEUR,TOURING,GOOD,TRANSFER
682,79,12,37,2,1,VEGAN,NONE,NONE,OK,CARD
683,55,3,1,0,2,ALL,VINE,NONE,OK,CASH
684,99,5,15,0,2,VEGAN,LIQUEUR,NONE,BAD,BLIK
685,342,18,1,4,0,ALL,NONE,NONE,AVARAGE,BLIK
686,200,19,18,2,0,VEGAN,BEER,REST,AVARAGE,TRANSFER
687,109,13,13,2,3,VEGET,NONE,ALL,NONE,BLIK
688,416,1,26,4,3,NONE,VINE,REST,OK,NONE
689,385,3,28,4,0,NONE,BEER,NONE,GOOD,BLIK
690,291,10,34,2,1,NONE,VODKA,ACTIVE,AVARAGE,CRYPTO
691,177,2,4,0,0,VEGET,BEER,ACTIVE,GOOD,CRYPTO
692,267,7,2,4,1,VEGAN,LIQUEUR,ALL,OK,TRANSFER
693,393,8,25,0,1,ALL,RUM,ALL,BEST,NONE
694,13,7,31,4,1,ALL,VODKA,ACTIVE,BEST,NONE
695,151,12,9,4,2,NONE,RUM,NONE,BAD,CRYPTO
696,0,6,1,2,0,VEGET,GIN,ALL,NONE,TRANSFER
697,82,11,6,0,1,NONE,VINE,NONE,BAD,CASH
698,354,14,16,0,3,VEGET,VODKA,TOURING,GOOD,TRANSFER
699,180,11,33,2,3,ALL,NONE,REST,GOOD,TRANSFER
700,85,3,12,4,1,VEGET,NONE,NONE,NONE,BLIK
701,52,17,27,0,1,VEGET,GIN,NONE,OK,TRANSFER
702,327,6,30,4,1,VEGET,GIN,ALL,AVARAGE,TRANSFER
703,306,18,8,4,2,VEGET,LIQUEUR,NONE,AVARAGE,BLIK
704,257,17,24,4,0,NONE,NONE,REST,OK,TRANSFER
705,417,13,37,4,0,VEGAN,NONE,ALL,BEST,CARD
706,357,12,9,0,3,ALL,VINE,NONE,AVARAGE,BLIK
707,458,0,24,4,2,VEGET,RUM,TOURING,OK,TRANSFER
708,73,14,16,0,2,ALL,NONE,TOURING,NONE,CRYPTO
709,314,0,16,0,2,NONE,BEER,TOURING,AVARAGE,TRANSFER
710,103,10,1,4,2,NONE,NONE,NONE,BAD,CRYPTO
711,323,11,14,2,3,VEGAN,VODKA,ALL,AVARAGE,BLIK
712,435,15,36,0,3,VEGAN,BEER,REST,BAD,TRANSFER
713,94,8,11,2,2,ALL,BEER,ACTIVE,OK,NONE
714,248,7,33,0,2,VEGAN,VODKA,ACTIVE,AVARAGE,BLIK
715,196,1,4,4,1,VEGET,GIN,ACTIVE,BAD,CRYPTO
716,206,0,8,0,2,ALL,BEER,REST,OK,CASH
717,122,8,7,2,0,NONE,GIN,REST,AVARAGE,CRYPTO
718,311,0,11,4,0,VEGAN,VODKA,REST,BEST,CASH
719,66,17,39,0,3,VEGAN,RUM,ALL,AVARAGE,BLIK
720,304,10,8,4,0,ALL,NONE,ACTIVE,AVARAGE,CASH
721,199,4,26,4,0,NONE,VINE,ACTIVE,OK,TRANSFER
722,49,16,6,4,1,VEGET,VODKA,REST,BEST,NONE
723,372,6,4,4,2,NONE,NONE,ALL,GOOD,TRANSFER
724,40,3,25,2,0,VEGET,LIQUEUR,NONE,OK,BLIK
725,228,6,20,4,0,VEGAN,RUM,REST,BEST,NONE
726,191,13,19,4,1,VEGAN,NONE,TOURING,OK,CRYPTO
727,325,17,21,2,3,VEGET,NONE,REST,OK,TRANSFER
728,40,18,14,4,2,NONE,VINE,TOURING,BAD,TRANSFER
729,245,17,9,4,2,VEGET,VINE,ACTIVE,BEST,CARD
730,446,17,34,4,1,VEGAN,BEER,ALL,NONE,CARD
731,69,6,7,4,0,ALL,NONE,NONE,BAD,CARD
732,12,12,16,2,3,VEGET,VINE,ALL,AVARAGE,BLIK
733,189,14,28,0,1,ALL,GIN,NONE,NONE,CARD
734,336,18,28,4,1,ALL,RUM,TOURING,OK,CARD
735,183,11,36,2,3,VEGET,VODKA,ACTIVE,BAD,CASH
736,117,0,32,0,3,ALL,LIQUEUR,ACTIVE,NONE,NONE
737,441,10,16,2,3,ALL,RUM,ACTIVE,BAD,CARD
738,265,19,7,4,3,VEGAN,NONE,NONE,AVARAGE,CASH
739,185,13,19,4,2,ALL,VINE,NONE,BAD,BLIK
740,84,4,33,2,0,VEGAN,VINE,ACTIVE,GOOD,NONE
741,230,13,6,0,1,NONE,BEER,ACTIVE,GOOD,CRYPTO
742,416,4,35,0,2,VEGET,GIN,REST,GOOD,CRYPTO
743,376,17,32,2,1,VEGET,VODKA,ALL,OK,CARD
744,300,2,31,0,0,NONE,VODKA,NONE,BEST,CASH
745,147,10,34,2,3,NONE,LIQUEUR,NONE,OK,BLIK
746,214,6,28,0,0,VEGAN,LIQUEUR,ACTIVE,AVARAGE,TRANSFER
747,125,9,23,0,0,NONE,VINE,TOURING,GOOD,CRYPTO
748,59,16,6,4,3,ALL,BEER,TOURING,BEST,CRYPTO
749,457,1,37,4,3,ALL,NONE,TOURING,NONE,CARD
750,363,0,24,4,1,VEGET,BEER,ALL,BAD,BLIK
751,87,12,36,2,2,VEGAN,VODKA,REST,GOOD,CARD
752,345,12,6,4,2,VEGET,VODKA,ALL,BAD,NONE
753,9,19,8,2,2,VEGET,RUM,NONE,BAD,BLIK
754,297,19,33,2,1,VEGAN,LIQUEUR,TOURING,AVARAGE,CRYPTO
755,314,1,24,2,3,VEGET,GIN,NONE,BEST,BLIK
756,207,12,25,4,1,VEGAN,RUM,ACTIVE,AVARAGE,CASH
757,174,18,21,0,3,ALL,BEER,NONE,NONE,TRANSFER
758,342,3,27,4,2,VEGET,NONE,REST,NONE,CASH
759,61,12,31,4,3,ALL,LIQUEUR,TOURING,AVARAGE,TRANSFER
760,242,19,8,0,2,VEGAN,BEER,TOURING,AVARAGE,CASH
761,196,11,4,4,3,VEGAN,VODKA,ALL,GOOD,NONE
762,114,4,25,0,0,NONE,BEER,ACTIVE,OK,CASH
763,57,8,2,2,0,VEGET,LIQUEUR,ALL,NONE,TRANSFER
764,14,10,10,4,3,VEGET,LIQUEUR,ACTIVE,AVARAGE,NONE
765,73,1,33,4,3,VEGAN,LIQUEUR,NONE,BAD,BLIK
766,127,11,24,0,3,NONE,NONE,TOURING,OK,NONE
767,300,11,37,4,0,ALL,GIN,TOURING,AVARAGE,BLIK
768,451,12,19,2,0,VEGET,RUM,NONE,OK,TRANSFER
769,260,1,31,4,1,VEGET,VODKA,ACTIVE,BAD,CARD
770,347,2,5,0,0,NONE,BEER,REST,AVARAGE,BLIK
771,50,13,6,4,1,VEGAN,BEER,NONE,AVARAGE,BLIK
772,15,3,31,4,3,ALL,VODKA,ACTIVE,BEST,TRANSFER
773,206,8,34,0,0,VEGAN,LIQUEUR,ACTIVE,OK,CARD
774,338,11,24,2,0,VEGET,GIN,REST,NONE,BLIK
775,4,2,3,2,3,ALL,GIN,REST,AVARAGE,CARD
776,442,5,20,4,2,VEGAN,VODKA,TOURING,GOOD,CRYPTO
777,83,14,14,4,3,VEGAN,NONE,TOURING,BEST,NONE
778,129,9,36,4,0,NONE,RUM,NONE,GOOD,CARD
779,136,3,39,2,1,VEGET,BEER,TOURING,NONE,BLIK
780,93,0,25,2,1,VEGAN,BEER,REST,BEST,NONE
781,215,3,8,4,1,VEGAN,LIQUEUR,NONE,BEST,CASH
782,412,1,11,4,3,NONE,NONE,NONE,AVARAGE,NONE
783,87,5,6,4,1,VEGAN,GIN,REST,GOOD,BLIK
784,67,2,31,0,1,ALL,GIN,REST,OK,CRYPTO
785,114,13,13,2,0,ALL,GIN,ACTIVE,BAD,CARD
786,181,7,8,0,3,VEGET,BEER,NONE,AVARAGE,NONE
787,323,14,12,4,3,VEGAN,NONE,NONE,GOOD,TRANSFER
788,307,1,22,2,2,ALL,VINE,NONE,OK,CARD
789,367,8,12,0,2,VEGET,VINE,REST,NONE,TRANSFER
790,87,14,6,4,1,VEGAN,VINE,REST,BEST,CARD
791,193,2,15,0,2,ALL,NONE,REST,AVARAGE,BLIK
792,156,4,21,4,2,NONE,LIQUEUR,ACTIVE,GOOD,CARD
793,258,6,34,0,2,VEGET,RUM,NONE,AVARAGE,CRYPTO
794,372,8,18,4,0,NONE,GIN,TOURING,OK,NONE
795,352,7,15,0,3,NONE,BEER,NONE,OK,CASH
796,436,8,22,4,0,ALL,RUM,ALL,AVARAGE,NONE
797,433,3,21,2,1,ALL,RUM,ALL,AVARAGE,CASH
798,263,7,4,2,2,VEGET,NONE,ALL,AVARAGE,CARD
799,239,18,32,0,0,VEGAN,VODKA,TOURING,AVARAGE,CARD
800,130,8,31,2,2,VEGAN,NONE,REST,GOOD,CRYPTO
801,87,2,30,0,3,NONE,RUM,ALL,NONE,CRYPTO
802,123,1,21,4,3,VEGET,GIN,NONE,OK,CRYPTO
803,151,3,11,0,3,VEGAN,NONE,TOURING,AVARAGE,NONE
804,348,14,32,2,3,ALL,BEER,ALL,NONE,CARD
805,180,17,15,2,2,VEGET,VODKA,ALL,BAD,CARD
806,429,18,12,4,0,NONE,VINE,TOURING,BAD,BLIK
807,411,1,29,4,0,VEGET,NONE,REST,BEST,CASH
808,81,8,11,4,2,ALL,LIQUEUR,ACTIVE,AVARAGE,CASH
809,139,13,26,4,2,VEGAN,RUM,ACTIVE,BEST,NONE
810,242,1,25,0,1,VEGAN,LIQUEUR,ALL,NONE,NONE
811,351,19,30,4,2,VEGAN,VODKA,REST,NONE,BLIK
812,459,0,8,0,1,NONE,VINE,REST,GOOD,BLIK
813,144,12,9,2,3,ALL,GIN,REST,GOOD,BLIK
814,231,2,6,2,3,VEGAN,LIQUEUR,ALL,GOOD,CARD
815,346,17,10,4,2,NONE,NONE,NONE,NONE,NONE
816,67,8,5,4,2,ALL,BEER,NONE,BEST,CRYPTO
817,422,9,15,4,1,ALL,BEER,TOURING,AVARAGE,CRYPTO
818,55,6,23,4,3,NONE,VODKA,NONE,AVARAGE,CARD
819,192,13,26,0,3,VEGET,VINE,ACTIVE,BAD,BLIK
820,28,2,34,2,1,ALL,LIQUEUR,ACTIVE,BAD,CARD
821,199,8,26,4,3,NONE,VODKA,ACTIVE,AVARAGE,CARD
822,249,1,2,0,1,ALL,VINE,REST,BAD,BLIK
823,348,2,24,4,1,NONE,BEER,REST,BAD,CASH
824,52,9,11,2,0,NONE,LIQUEUR,ALL,BEST,BLIK
825,119,8,22,4,1,VEGET,VINE,ALL,OK,CRYPTO
826,431,7,9,2,2,NONE,LIQUEUR,TOURING,AVARAGE,CARD
827,66,1,25,2,2,NONE,VODKA,NONE,GOOD,TRANSFER
828,71,6,27,2,2,VEGET,VINE,ALL,OK,CRYPTO
829,224,11,15,2,3,NONE,VODKA,REST,BAD,TRANSFER
830,76,13,6,0,2,NONE,NONE,TOURING,AVARAGE,NONE
831,222,14,37,2,0,ALL,LIQUEUR,REST,BAD,CRYPTO
832,366,9,29,0,2,ALL,NONE,ACTIVE,GOOD,BLIK
833,201,9,4,0,3,NONE,GIN,ALL,GOOD,CASH
834,315,1,18,0,3,VEGAN,NONE,ACTIVE,BEST,CASH
835,84,19,11,0,0,ALL,NONE,TOURING,NONE,CRYPTO
836,6,9,24,0,1,ALL,NONE,ACTIVE,NONE,CARD
837,26,1,17,0,3,VEGET,RUM,REST,OK,BLIK
838,46,5,11,0,0,ALL,VINE,NONE,AVARAGE,BLIK
839,326,6,30,4,0,VEGET,BEER,TOURING,GOOD,NONE
840,210,19,12,0,2,ALL,GIN,ACTIVE,AVARAGE,NONE
841,22,10,5,4,0,VEGAN,BEER,ALL,AVARAGE,CASH
842,244,16,2,2,3,NONE,GIN,NONE,OK,CRYPTO
843,145,14,22,0,2,VEGET,GIN,REST,OK,CRYPTO
844,80,12,25,0,1,VEGAN,BEER,ALL,NONE,CASH
845,33,3,5,0,0,VEGAN,VINE,TOURING,NONE,CARD
846,119,11,32,0,0,ALL,GIN,TOURING,NONE,CARD
847,428,6,12,0,3,ALL,NONE,NONE,GOOD,TRANSFER
848,440,6,39,2,0,ALL,VINE,REST,BEST,CASH
849,314,12,21,0,1,NONE,NONE,ACTIVE,OK,CASH
850,338,6,11,0,3,VEGAN,VODKA,NONE,BAD,TRANSFER
851,212,18,38,0,2,VEGET,BEER,ACTIVE,NONE,NONE
852,399,16,3,2,1,ALL,BEER,TOURING,BEST,TRANSFER
853,158,19,7,0,0,VEGET,RUM,TOURING,AVARAGE,NONE
854,96,9,29,4,2,ALL,GIN,TOURING,BAD,TRANSFER
855,438,8,33,4,2,VEGAN,VINE,ALL,NONE,CRYPTO
856,158,19,31,4,0,NONE,NONE,NONE,BAD,TRANSFER
857,319,11,20,4,3,VEGAN,VODKA,ALL,GOOD,BLIK
858,32,11,37,4,0,ALL,LIQUEUR,ALL,NONE,CASH
859,220,4,31,2,3,VEGET,NONE,REST,BEST,CRYPTO
860,188,17,18,4,2,ALL,GIN,NONE,NONE,CARD
861,283,1,20,4,3,ALL,NONE,TOURING,BAD,BLIK
862,239,2,22,4,0,ALL,RUM,ALL,NONE,CARD
863,400,9,2,0,2,NONE,LIQUEUR,ACTIVE,BAD,TRANSFER
864,4,1,19,0,2,VEGAN,BEER,TOURING,AVARAGE,BLIK
865,354,14,39,4,3,VEGAN,NONE,ACTIVE,GOOD,CASH
866,229,5,16,4,0,VEGAN,BEER,NONE,NONE,NONE
867,295,6,15,4,0,VEGAN,VODKA,NONE,AVARAGE,TRANSFER
868,145,13,30,0,0,VEGAN,NONE,REST,BEST,BLIK
869,35,18,16,0,3,VEGAN,VODKA,REST,GOOD,CASH
870,100,0,11,2,2,NONE,LIQUEUR,TOURING,GOOD,CRYPTO
871,32,13,8,2,0,VEGAN,NONE,NONE,BAD,NONE
872,156,3,9,0,0,ALL,VINE,REST,NONE,CASH
873,428,17,35,4,2,NONE,VINE,TOURING,NONE,CRYPTO
874,139,16,38,2,2,NONE,RUM,ACTIVE,NONE,CASH
875,206,7,17,4,2,VEGET,VODKA,ACTIVE,AVARAGE,CASH
876,377,1,18,4,0,ALL,LIQUEUR,NONE,BEST,BLIK
877,61,12,16,4,0,VEGET,LIQUEUR,ALL,BAD,BLIK
878,308,5,16,2,2,NONE,LIQUEUR,ACTIVE,BEST,CARD
879,290,6,20,0,0,ALL,GIN,REST,BAD,NONE
880,430,1,31,2,3,ALL,LIQUEUR,ALL,AVARAGE,CRYPTO
881,373,4,36,0,1,VEGAN,VINE,REST,BEST,CASH
882,3,6,24,0,1,NONE,RUM,REST,OK,TRANSFER
883,419,14,38,2,0,ALL,LIQUEUR,ACTIVE,OK,CASH
884,187,9,1,0,3,VEGAN,BEER,REST,NONE,CRYPTO
885,97,4,37,0,0,ALL,NONE,TOURING,AVARAGE,CASH
886,453,16,18,4,0,VEGAN,GIN,ACTIVE,AVARAGE,CASH
887,92,8,1,2,0,VEGAN,VODKA,REST,NONE,NONE
888,64,12,1,2,0,ALL,GIN,ACTIVE,BAD,BLIK
889,87,14,7,4,1,NONE,GIN,TOURING,OK,BLIK
890,117,19,10,2,0,VEGET,GIN,ALL,BEST,CASH
891,385,11,28,4,0,NONE,NONE,NONE,BEST,TRANSFER
892,146,12,19,4,3,ALL,NONE,ACTIVE,BAD,CASH
893,132,13,19,0,3,ALL,RUM,TOURING,NONE,CRYPTO
894,435,4,5,0,2,VEGET,GIN,ALL,NONE,CARD
895,290,2,6,0,0,ALL,BEER,ACTIVE,BAD,CASH
896,391,18,39,0,0,VEGET,GIN,ACTIVE,BEST,BLIK
897,258,6,34,2,2,VEGET,BEER,ACTIVE,BEST,BLIK
898,128,9,37,0,2,VEGET,GIN,NONE,GOOD,NONE
899,30,11,17,4,0,VEGAN,VINE,ACTIVE,BAD,NONE
900,41,13,39,2,0,VEGET,RUM,REST,OK,CARD
901,187,6,9,2,3,NONE,VODKA,ALL,NONE,TRANSFER
902,407,4,37,4,1,VEGET,BEER,TOURING,GOOD,TRANSFER
903,233,14,1,4,2,NONE,GIN,ACTIVE,AVARAGE,CRYPTO
904,127,15,22,0,0,VEGET,BEER,ALL,NONE,CARD
905,389,6,10,0,3,ALL,VODKA,REST,NONE,NONE
906,323,5,13,2,3,NONE,BEER,TOURING,BAD,CRYPTO
907,371,3,3,0,0,VEGAN,VINE,NONE,BEST,BLIK
908,56,18,11,4,3,ALL,NONE,REST,OK,CRYPTO
909,340,4,29,2,0,VEGAN,RUM,TOURING,BEST,BLIK
910,42,15,26,2,1,ALL,GIN,TOURING,AVARAGE,TRANSFER
911,171,4,27,4,3,VEGET,VINE,ALL,NONE,CASH
912,349,12,23,4,0,VEGET,RUM,REST,GOOD,TRANSFER
913,223,3,27,0,0,VEGET,RUM,ACTIVE,OK,NONE
914,388,2,2,4,0,NONE,NONE,TOURING,BAD,CARD
915,429,12,33,2,1,VEGET,NONE,REST,AVARAGE,CRYPTO
916,420,3,2,0,2,NONE,VINE,REST,BEST,CARD
917,259,15,3,0,3,VEGAN,LIQUEUR,REST,AVARAGE,TRANSFER
918,18,16,34,4,0,VEGET,BEER,TOURING,BAD,BLIK
919,357,19,36,4,0,ALL,LIQUEUR,REST,GOOD,BLIK
920,108,14,37,4,2,VEGAN,VINE,ALL,AVARAGE,NONE
921,206,6,10,0,1,NONE,BEER,REST,GOOD,NONE
922,428,12,38,2,2,VEGAN,BEER,NONE,BAD,NONE
923,417,15,5,4,1,NONE,RUM,TOURING,OK,CASH
924,294,7,39,2,1,ALL,RUM,NONE,BEST,TRANSFER
925,149,4,31,2,2,VEGET,BEER,REST,BAD,TRANSFER
926,64,10,35,2,2,VEGAN,VINE,ALL,BEST,TRANSFER
927,286,1,38,4,1,ALL,VODKA,ACTIVE,NONE,NONE
928,370,3,26,0,3,ALL,NONE,ACTIVE,AVARAGE,CASH
929,234,0,29,2,1,VEGET,LIQUEUR,NONE,BAD,CASH
930,452,2,32,4,2,ALL,LIQUEUR,REST,GOOD,CRYPTO
931,196,17,27,4,3,ALL,VINE,ALL,AVARAGE,CRYPTO
932,391,17,18,0,1,VEGAN,VINE,REST,BAD,CRYPTO
933,207,1,20,0,1,NONE,RUM,TOURING,BAD,BLIK
934,39,0,13,2,1,VEGET,RUM,REST,BAD,BLIK
935,50,14,1,4,0,ALL,RUM,REST,BAD,BLIK
936,371,7,16,2,0,ALL,LIQUEUR,TOURING,BEST,BLIK
937,357,14,15,0,3,NONE,BEER,TOURING,NONE,CRYPTO
938,340,9,23,2,1,ALL,RUM,REST,NONE,CARD
939,191,8,36,0,2,VEGET,BEER,TOURING,BAD,BLIK
940,404,15,17,0,3,ALL,NONE,NONE,BEST,CRYPTO
941,374,6,1,4,2,NONE,NONE,REST,GOOD,CASH
942,150,17,13,2,2,VEGAN,VODKA,ALL,NONE,CARD
943,135,0,34,2,2,ALL,BEER,REST,GOOD,CRYPTO
944,10,3,7,4,2,ALL,GIN,REST,BAD,BLIK
945,340,0,16,4,2,VEGAN,LIQUEUR,NONE,BAD,CASH
946,115,3,29,0,0,NONE,LIQUEUR,TOURING,BEST,BLIK
947,251,8,7,0,2,VEGET,NONE,TOURING,OK,NONE
948,110,18,39,0,1,VEGET,RUM,REST,AVARAGE,BLIK
949,388,16,27,4,2,VEGAN,VODKA,TOURING,BAD,CASH
950,185,8,33,0,1,ALL,BEER,REST,BAD,CRYPTO
951,185,16,26,0,3,VEGET,BEER,REST,GOOD,NONE
952,449,8,34,0,1,ALL,VODKA,ALL,NONE,TRANSFER
953,12,1,7,4,1,VEGET,BEER,TOURING,AVARAGE,CARD
954,420,4,38,0,0,ALL,VINE,NONE,GOOD,CARD
955,349,10,22,2,0,VEGET,GIN,ALL,AVARAGE,CARD
956,342,18,38,4,0,VEGAN,LIQUEUR,ALL,BEST,BLIK
957,209,5,9,0,0,NONE,VINE,TOURING,OK,BLIK
958,82,0,14,0,3,ALL,VODKA,TOURING,NONE,BLIK
959,258,10,38,0,2,VEGET,RUM,ALL,AVARAGE,BLIK
960,20,0,4,2,0,VEGET,BEER,ALL,GOOD,BLIK
961,101,4,39,2,3,VEGAN,BEER,TOURING,AVARAGE,CRYPTO
962,437,14,32,0,3,NONE,BEER,NONE,AVARAGE,CRYPTO
963,37,15,22,2,1,VEGAN,BEER,REST,AVARAGE,CRYPTO
964,362,9,2,2,3,ALL,NONE,NONE,NONE,TRANSFER
965,426,5,8,4,0,VEGET,BEER,REST,AVARAGE,CRYPTO
966,301,4,1,4,3,VEGET,RUM,TOURING,GOOD,TRANSFER
967,293,16,16,2,1,NONE,RUM,NONE,BAD,CRYPTO
968,40,11,19,2,2,VEGET,BEER,ALL,GOOD,NONE
969,393,19,23,2,3,VEGET,VINE,ALL,NONE,CASH
970,235,6,33,0,0,VEGAN,LIQUEUR,ALL,BAD,CASH
971,70,12,18,0,3,VEGET,VINE,ALL,BAD,NONE
972,17,0,28,4,1,VEGET,RUM,TOURING,NONE,TRANSFER
973,60,14,29,2,0,ALL,VINE,ALL,BEST,CRYPTO
974,335,7,7,2,3,VEGET,GIN,NONE,NONE,TRANSFER
975,207,7,28,4,0,ALL,NONE,NONE,OK,NONE
976,184,2,31,4,1,NONE,BEER,REST,GOOD,NONE
977,213,11,33,0,3,NONE,GIN,ACTIVE,AVARAGE,CARD
978,63,16,7,4,1,ALL,VINE,NONE,BEST,CRYPTO
979,312,2,15,4,2,VEGAN,VINE,REST,OK,BLIK
980,42,0,9,2,3,VEGET,RUM,NONE,NONE,CASH
981,161,16,21,0,3,NONE,NONE,REST,OK,CRYPTO
982,222,16,11,4,3,NONE,RUM,ACTIVE,AVARAGE,BLIK
983,56,3,39,2,2,NONE,VINE,ALL,BAD,BLIK
984,287,15,24,0,2,NONE,GIN,TOURING,NONE,CRYPTO
985,397,5,11,0,0,ALL,VODKA,ACTIVE,BEST,CRYPTO
986,50,1,10,2,0,ALL,BEER,ALL,NONE,CASH
987,279,3,12,2,3,NONE,RUM,ALL,BEST,CRYPTO
988,72,5,27,4,0,NONE,LIQUEUR,NONE,BEST,NONE
989,336,12,27,2,2,ALL,LIQUEUR,ACTIVE,NONE,NONE
990,457,18,24,4,2,ALL,LIQUEUR,NONE,AVARAGE,CARD
991,249,10,25,0,1,ALL,LIQUEUR,TOURING,BAD,CRYPTO
992,22,6,31,4,1,VEGET,BEER,ACTIVE,BAD,CARD
993,423,2,25,4,0,NONE,LIQUEUR,ALL,GOOD,TRANSFER
994,64,15,10,2,1,VEGET,BEER,ALL,GOOD,NONE
995,246,6,19,4,3,VEGAN,BEER,ALL,AVARAGE,CARD
996,406,10,14,4,3,ALL,RUM,ACTIVE,BAD,BLIK
997,432,4,26,4,1,ALL,NONE,ALL,OK,CRYPTO
998,264,9,2,0,1,ALL,VINE,ALL,BAD,TRANSFER
999,328,4,1,0,2,VEGAN,RUM,REST,BEST,CARD
1000,87,16,33,0,1,VEGET,VODKA,ALL,GOOD,BLIK
1001,272,7,32,0,2,NONE,NONE,REST,NONE,BLIK
1002,11,3,37,2,0,ALL,VINE,TOURING,BAD,CRYPTO
1003,236,10,3,2,3,VEGAN,LIQUEUR,TOURING,GOOD,CARD
1004,183,14,25,4,0,ALL,GIN,NONE,GOOD,CRYPTO
1005,145,16,24,2,1,NONE,BEER,ACTIVE,BAD,CARD
1006,369,17,5,2,2,VEGAN,RUM,ALL,AVARAGE,CARD
1007,342,12,14,4,1,NONE,VODKA,NONE,NONE,BLIK
1008,7,6,26,4,1,NONE,BEER,NONE,GOOD,BLIK
1009,101,9,12,4,0,ALL,LIQUEUR,TOURING,GOOD,CASH
1010,16,13,27,2,0,VEGAN,VINE,NONE,GOOD,NONE
1011,296,3,39,0,1,VEGET,GIN,ACTIVE,BAD,CASH
1012,254,3,14,4,1,VEGET,LIQUEUR,NONE,NONE,BLIK
1013,456,10,35,2,0,ALL,VODKA,ALL,GOOD,NONE
1014,383,9,23,0,2,NONE,GIN,ALL,GOOD,CRYPTO
1015,166,0,11,2,0,VEGET,BEER,REST,GOOD,CASH
1016,242,10,18,4,3,NONE,VODKA,REST,BAD,CASH
1017,130,13,24,2,3,ALL,BEER,ALL,BAD,CARD
1018,152,6,10,0,1,VEGAN,GIN,TOURING,BAD,NONE
1019,133,6,33,2,1,ALL,RUM,ACTIVE,GOOD,CRYPTO
1020,331,17,34,2,2,VEGAN,LIQUEUR,ACTIVE,BEST,CARD
1021,407,5,23,4,3,VEGET,NONE,ACTIVE,AVARAGE,BLIK
1022,198,17,15,2,1,VEGAN,VINE,TOURING,AVARAGE,CRYPTO
1023,236,16,39,0,0,ALL,VODKA,REST,AVARAGE,BLIK
1024,454,0,24,2,0,VEGET,VODKA,ALL,NONE,NONE
1025,209,15,3,0,0,NONE,RUM,ALL,BEST,NONE
1026,300,8,13,4,0,VEGET,BEER,TOURING,GOOD,TRANSFER
1027,282,0,35,4,0,ALL,LIQUEUR,REST,GOOD,CARD
1028,43,7,26,2,0,VEGAN,VINE,ALL,BAD,CASH
1029,341,5,35,2,1,ALL,LIQUEUR,TOURING,OK,BLIK
1030,96,17,9,2,1,VEGET,GIN,ACTIVE,AVARAGE,CARD
1031,154,3,22,0,2,VEGET,VINE,NONE,GOOD,BLIK
1032,231,9,2,4,1,VEGET,RUM,ALL,GOOD,BLIK
1033,54,10,22,4,0,NONE,VODKA,REST,GOOD,NONE
1034,64,8,24,4,2,NONE,BEER,REST,NONE,CASH
1035,418,18,14,0,3,NONE,VINE,ACTIVE,BEST,BLIK
1036,311,0,24,4,1,NONE,VODKA,TOURING,BAD,CASH
1037,417,5,20,2,2,VEGAN,GIN,NONE,OK,TRANSFER
1038,93,8,6,0,3,ALL,BEER,NONE,NONE,NONE
1039,428,7,36,0,2,ALL,NONE,NONE,BEST,CARD
1040,359,18,34,2,2,NONE,VODKA,ALL,OK,CASH
1041,304,9,9,0,0,NONE,BEER,ALL,GOOD,NONE
1042,43,14,13,4,0,ALL,VODKA,REST,AVARAGE,CRYPTO
1043,387,18,11,2,3,NONE,RUM,REST,GOOD,CARD
1044,396,14,36,0,1,NONE,GIN,REST,BEST,CARD
1045,275,10,36,2,1,ALL,VINE,NONE,BAD,NONE
1046,290,10,5,4,3,ALL,NONE,ACTIVE,OK,CASH
1047,320,12,34,4,2,VEGAN,BEER,REST,BAD,CASH
1048,299,13,16,2,2,ALL,NONE,ACTIVE,GOOD,NONE
1049,102,2,18,0,0,NONE,RUM,ALL,BEST,CASH
1050,8,16,8,0,3,VEGET,VODKA,NONE,OK,CASH
1051,334,15,30,2,2,NONE,VODKA,REST,BEST,CARD
1052,440,17,9,4,1,VEGAN,VINE,ALL,BEST,CASH
1053,228,13,31,4,3,ALL,RUM,NONE,BEST,CARD
1054,192,8,21,0,2,NONE,NONE,TOURING,GOOD,CRYPTO
1055,153,8,16,2,2,NONE,VINE,TOURING,NONE,CRYPTO
1056,51,10,25,2,0,NONE,LIQUEUR,ALL,BEST,CRYPTO
1057,21,6,21,4,3,VEGET,NONE,ALL,OK,CARD
1058,205,2,7,4,1,NONE,LIQUEUR,NONE,BEST,CRYPTO
1059,25,8,18,0,0,VEGET,GIN,REST,GOOD,NONE
1060,78,4,39,0,2,VEGET,RUM,TOURING,AVARAGE,TRANSFER
1061,202,8,9,0,1,ALL,NONE,ALL,GOOD,NONE
1062,357,14,8,0,3,VEGAN,LIQUEUR,NONE,GOOD,BLIK
1063,164,16,13,2,0,VEGET,NONE,NONE,NONE,NONE
1064,397,6,30,0,2,NONE,VINE,ACTIVE,AVARAGE,CARD
1065,84,2,32,2,1,VEGET,RUM,ALL,OK,CASH
1066,47,13,27,4,1,NONE,VODKA,REST,OK,NONE
1067,275,17,17,2,2,NONE,GIN,NONE,AVARAGE,CRYPTO
1068,416,10,23,0,2,VEGET,BEER,NONE,BEST,CRYPTO
1069,245,7,36,2,1,VEGET,VODKA,ALL,AVARAGE,TRANSFER
1070,305,19,36,2,0,ALL,GIN,ALL,NONE,CARD
1071,421,12,6,4,1,ALL,VINE,ACTIVE,BEST,CRYPTO
1072,25,10,5,2,1,ALL,RUM,ACTIVE,BEST,BLIK
1073,26,3,19,2,3,VEGET,GIN,ACTIVE,NONE,NONE
1074,143,16,26,2,1,NONE,VINE,ACTIVE,AVARAGE,NONE
1075,378,3,36,4,1,VEGET,BEER,TOURING,GOOD,TRANSFER
1076,400,13,30,2,2,VEGAN,VINE,REST,NONE,CASH
1077,37,16,2,2,0,NONE,GIN,ACTIVE,OK,CRYPTO
1078,62,7,18,0,1,VEGAN,RUM,REST,BEST,CASH
1079,361,18,12,4,2,VEGET,NONE,REST,GOOD,NONE
1080,293,8,22,4,2,VEGAN,VODKA,REST,OK,CARD
1081,353,14,36,0,1,VEGAN,LIQUEUR,REST,AVARAGE,BLIK
1082,101,1,22,0,3,VEGAN,GIN,TOURING,AVARAGE,CASH
1083,347,3,12,2,2,VEGAN,VODKA,NONE,OK,BLIK
1084,109,5,35,0,1,VEGAN,NONE,ACTIVE,BAD,CASH
1085,354,15,36,4,2,ALL,LIQUEUR,ALL,BAD,CRYPTO
1086,16,15,30,4,1,VEGAN,BEER,TOURING,BEST,CASH
1087,438,2,9,4,0,ALL,VODKA,ACTIVE,BAD,CRYPTO
1088,377,16,38,0,2,ALL,NONE,ALL,NONE,CASH
1089,141,15,39,0,2,NONE,LIQUEUR,ALL,NONE,TRANSFER
1090,152,7,23,0,2,ALL,NONE,ALL,BAD,CARD
1091,451,18,15,2,3,VEGET,NONE,ALL,OK,CRYPTO
1092,354,1,24,2,2,ALL,VODKA,ACTIVE,BEST,CASH
1093,130,1,32,2,0,VEGET,RUM,REST,BAD,BLIK
1094,404,4,38,4,1,ALL,LIQUEUR,ALL,NONE,BLIK
1095,248,7,10,0,3,ALL,GIN,REST,GOOD,BLIK
1096,303,3,13,2,1,VEGAN,NONE,NONE,NONE,CRYPTO
1097,421,13,33,4,1,NONE,VODKA,ALL,GOOD,CASH
1098,355,11,5,4,1,ALL,RUM,ACTIVE,BAD,BLIK
1099,211,9,3,4,0,NONE,NONE,ACTIVE,BAD,NONE
1100,366,0,37,4,1,NONE,VINE,REST,BAD,BLIK
1101,443,0,29,4,0,VEGET,VODKA,NONE,BEST,CASH
1102,387,18,4,0,3,VEGAN,NONE,TOURING,BAD,BLIK
1103,345,16,37,2,0,NONE,VINE,REST,AVARAGE,CARD
1104,128,15,30,2,1,VEGET,LIQUEUR,ALL,GOOD,CARD
1105,271,19,27,4,1,NONE,GIN,TOURING,NONE,CARD
1106,168,1,38,2,0,NONE,GIN,NONE,BAD,CARD
1107,344,10,8,2,2,ALL,VINE,ACTIVE,BAD,CRYPTO
1108,128,12,2,0,0,ALL,VODKA,TOURING,OK,CRYPTO
1109,231,13,5,2,3,ALL,NONE,ALL,BAD,CRYPTO
1110,239,4,14,2,0,NONE,BEER,ALL,AVARAGE,CASH
1111,446,18,5,0,2,VEGAN,VINE,ACTIVE,BAD,BLIK
1112,208,7,37,2,3,NONE,NONE,REST,OK,CASH
1113,151,0,10,4,1,VEGET,VINE,REST,GOOD,NONE
1114,172,19,21,4,0,ALL,LIQUEUR,TOURING,BAD,BLIK
1115,379,17,10,0,2,VEGAN,GIN,TOURING,BEST,CARD
1116,256,2,38,2,3,VEGAN,GIN,REST,AVARAGE,BLIK
1117,130,15,32,4,1,NONE,VODKA,TOURING,BAD,CARD
1118,96,10,38,4,0,ALL,BEER,REST,BAD,CASH
1119,214,7,33,4,0,VEGAN,GIN,ALL,OK,CASH
1120,61,6,34,2,0,VEGET,BEER,ALL,GOOD,CRYPTO
1121,428,3,27,2,0,ALL,RUM,NONE,NONE,NONE
1122,255,13,18,0,1,VEGET,VINE,ALL,AVARAGE,BLIK
1123,276,6,12,4,2,VEGET,NONE,ACTIVE,AVARAGE,TRANSFER
1124,431,3,5,2,3,NONE,GIN,REST,NONE,TRANSFER
1125,173,9,4,0,3,NONE,NONE,TOURING,OK,CRYPTO
1126,120,17,14,4,1,VEGAN,BEER,ALL,BAD,CASH
1127,232,8,38,4,0,VEGAN,BEER,NONE,GOOD,BLIK
1128,91,5,23,2,1,NONE,NONE,ACTIVE,BAD,CARD
1129,381,10,32,0,1,NONE,RUM,ALL,AVARAGE,CARD
1130,72,5,21,4,2,VEGAN,BEER,ACTIVE,NONE,TRANSFER
1131,346,4,26,2,1,ALL,VODKA,TOURING,BEST,CASH
1132,70,3,8,4,1,ALL,LIQUEUR,ACTIVE,GOOD,CRYPTO
1133,165,0,27,4,3,VEGAN,RUM,NONE,AVARAGE,BLIK
1134,110,18,36,2,3,NONE,VODKA,REST,GOOD,CRYPTO
1135,373,9,17,4,3,VEGAN,BEER,ALL,BEST,CASH
1136,236,19,37,0,3,VEGAN,RUM,REST,NONE,NONE
1137,244,18,21,2,3,NONE,LIQUEUR,NONE,NONE,NONE
1138,10,11,23,0,3,NONE,GIN,NONE,OK,BLIK
1139,185,4,26,4,2,ALL,LIQUEUR,NONE,GOOD,CARD
1140,82,8,23,0,3,NONE,RUM,ALL,OK,TRANSFER
1141,356,3,29,2,1,VEGAN,RUM,ALL,OK,BLIK
1142,265,2,2,0,0,VEGAN,RUM,NONE,BEST,BLIK
1143,309,4,11,0,1,ALL,VODKA,ALL,BAD,CRYPTO
1144,96,7,25,2,2,VEGET,NONE,ACTIVE,GOOD,CARD
1145,105,8,29,4,1,VEGET,NONE,REST,OK,TRANSFER
1146,243,13,23,0,2,ALL,NONE,REST,NONE,CASH
1147,1,9,24,0,1,ALL,NONE,NONE,BAD,NONE
1148,24,19,31,2,1,NONE,LIQUEUR,REST,NONE,CRYPTO
1149,1,18,5,0,2,VEGAN,BEER,TOURING,AVARAGE,CRYPTO
1150,362,6,3,2,1,ALL,LIQUEUR,REST,BEST,BLIK
1151,270,10,33,0,0,ALL,GIN,ALL,OK,CRYPTO
1152,313,13,8,4,0,VEGET,RUM,ALL,NONE,CRYPTO
1153,135,4,37,2,1,NONE,RUM,REST,OK,CARD
1154,428,16,9,0,2,VEGAN,NONE,REST,GOOD,NONE
1155,17,17,26,0,3,ALL,RUM,ALL,AVARAGE,NONE
1156,261,0,7,0,1,NONE,LIQUEUR,NONE,OK,TRANSFER
1157,447,7,30,4,0,VEGET,BEER,TOURING,NONE,CRYPTO
1158,457,11,7,2,2,VEGET,BEER,NONE,OK,CRYPTO
1159,116,15,34,4,1,VEGAN,LIQUEUR,NONE,BAD,CRYPTO
1160,76,14,28,4,2,NONE,LIQUEUR,TOURING,BEST,CASH
1161,132,1,1,2,0,VEGET,VINE,ACTIVE,NONE,CRYPTO
1162,54,3,3,4,1,NONE,RUM,NONE,AVARAGE,CARD
1163,57,10,20,0,2,VEGAN,GIN,ACTIVE,GOOD,BLIK
1164,71,2,7,4,3,VEGET,BEER,NONE,NONE,CRYPTO
1165,334,1,17,0,0,VEGET,RUM,NONE,BAD,TRANSFER
1166,451,6,32,2,0,VEGAN,BEER,TOURING,NONE,TRANSFER
1167,176,1,21,4,0,VEGET,GIN,ACTIVE,BEST,CARD
1168,229,0,21,4,1,ALL,VINE,REST,OK,CASH
1169,136,7,25,2,3,VEGAN,LIQUEUR,ALL,GOOD,CASH
1170,306,2,30,0,0,VEGAN,RUM,TOURING,BAD,NONE
1171,221,15,27,2,1,ALL,VINE,REST,GOOD,BLIK
1172,369,12,5,2,0,NONE,LIQUEUR,ALL,BAD,BLIK
1173,440,17,28,0,2,NONE,LIQUEUR,ACTIVE,GOOD,NONE
1174,221,12,31,0,2,VEGAN,LIQUEUR,REST,BEST,CASH
1175,432,1,6,2,3,VEGAN,BEER,ACTIVE,NONE,CASH
1176,294,3,33,2,2,VEGET,NONE,REST,BAD,NONE
1177,430,10,18,4,3,ALL,VINE,NONE,BAD,TRANSFER
1178,164,8,34,4,1,ALL,VODKA,REST,OK,TRANSFER
1179,344,15,39,0,3,NONE,LIQUEUR,NONE,NONE,CASH
1180,437,4,32,4,1,VEGAN,NONE,REST,NONE,CASH
1181,344,6,20,0,3,VEGET,BEER,ACTIVE,GOOD,BLIK
1182,321,2,36,4,3,VEGAN,VINE,ALL,BEST,CRYPTO
1183,188,19,23,2,3,VEGET,GIN,NONE,NONE,TRANSFER
1184,223,0,3,2,1,VEGAN,VINE,ACTIVE,GOOD,TRANSFER
1185,393,16,35,2,1,VEGAN,VINE,TOURING,GOOD,CASH
1186,190,18,15,0,3,VEGAN,VINE,TOURING,NONE,CARD
1187,121,6,28,2,0,ALL,VINE,NONE,OK,TRANSFER
1188,325,14,16,2,0,NONE,VINE,TOURING,GOOD,CRYPTO
1189,189,7,18,2,1,ALL,LIQUEUR,ALL,GOOD,CARD
1190,27,17,11,0,0,NONE,BEER,REST,GOOD,NONE
1191,74,13,22,4,1,ALL,BEER,REST,NONE,BLIK
1192,46,1,37,0,1,NONE,VODKA,REST,NONE,CASH
1193,370,15,25,4,2,ALL,VINE,ACTIVE,OK,NONE
1194,414,2,5,2,1,VEGET,LIQUEUR,NONE,NONE,BLIK
1195,382,1,9,4,2,VEGAN,NONE,REST,GOOD,BLIK
1196,168,17,8,2,1,ALL,GIN,REST,OK,CARD
1197,211,13,18,4,1,VEGET,VINE,ACTIVE,BAD,CRYPTO
1198,260,6,34,0,3,ALL,GIN,TOURING,GOOD,NONE
1199,62,16,39,2,1,VEGAN,VODKA,ALL,NONE,TRANSFER
1200,244,17,37,0,1,VEGAN,NONE,ALL,BAD,TRANSFER
1201,424,6,5,4,3,NONE,VINE,ALL,OK,TRANSFER
1202,270,12,3,4,3,NONE,VINE,TOURING,NONE,CRYPTO
1203,353,13,26,0,0,VEGET,RUM,REST,BEST,TRANSFER
1204,109,0,36,2,2,ALL,GIN,REST,AVARAGE,NONE
1205,443,8,19,4,2,VEGAN,LIQUEUR,TOURING,BEST,BLIK
1206,118,2,26,0,1,VEGAN,VODKA,ACTIVE,BEST,NONE
1207,442,16,10,0,1,VEGAN,BEER,NONE,BAD,TRANSFER
1208,285,15,18,0,3,VEGET,LIQUEUR,REST,BAD,CRYPTO
1209,110,15,27,4,1,VEGAN,RUM,NONE,NONE,BLIK
1210,310,6,37,4,1,VEGET,GIN,TOURING,OK,CASH
1211,409,8,2,0,1,NONE,GIN,REST,BAD,NONE
1212,72,13,32,2,3,ALL,GIN,ACTIVE,GOOD,CARD
1213,222,5,30,4,0,VEGAN,GIN,ACTIVE,AVARAGE,BLIK
1214,117,6,3,2,2,VEGET,VODKA,REST,BAD,NONE
1215,298,19,34,2,2,NONE,VINE,ALL,NONE,CARD
1216,83,11,20,0,0,VEGET,BEER,ACTIVE,BEST,BLIK
1217,210,7,32,4,1,VEGET,GIN,ALL,OK,CRYPTO
1218,402,17,13,2,2,VEGET,VODKA,TOURING,OK,TRANSFER
1219,184,13,11,4,1,ALL,VODKA,REST,NONE,CASH
1220,114,9,3,4,1,ALL,BEER,TOURING,OK,NONE
1221,434,18,10,0,1,VEGAN,LIQUEUR,NONE,AVARAGE,CASH
1222,271,7,18,4,3,VEGET,RUM,TOURING,BAD,CRYPTO
1223,432,1,39,4,0,VEGAN,VINE,ALL,OK,CRYPTO
1224,426,7,1,2,0,NONE,LIQUEUR,TOURING,OK,CASH
1225,236,18,30,4,0,ALL,GIN,REST,GOOD,CASH
1226,166,17,34,0,2,VEGET,VINE,NONE,AVARAGE,CASH
1227,240,15,6,4,1,NONE,VINE,NONE,OK,BLIK
1228,340,8,34,2,1,ALL,VODKA,TOURING,BEST,BLIK
1229,42,15,26,4,1,VEGAN,BEER,REST,AVARAGE,CARD
1230,191,2,26,2,3,ALL,VINE,TOURING,OK,CRYPTO
1231,380,16,4,4,1,NONE,VODKA,REST,NONE,CRYPTO
1232,160,11,32,4,2,VEGET,RUM,NONE,GOOD,BLIK
1233,378,3,38,4,3,NONE,NONE,TOURING,AVARAGE,BLIK
1234,433,7,15,2,2,VEGET,BEER,ACTIVE,AVARAGE,TRANSFER
1235,304,14,8,2,2,NONE,LIQUEUR,ALL,AVARAGE,CASH
1236,331,8,26,4,1,VEGAN,LIQUEUR,NONE,NONE,CRYPTO
1237,393,17,9,4,2,VEGET,RUM,NONE,BEST,BLIK
1238,36,8,30,4,1,VEGET,VODKA,TOURING,BEST,CRYPTO
1239,251,1,30,0,2,ALL,VODKA,REST,BEST,CRYPTO
1240,53,12,20,4,1,NONE,VINE,TOURING,GOOD,CRYPTO
1241,389,18,22,2,2,VEGAN,LIQUEUR,REST,BEST,CARD
1242,70,13,36,0,3,ALL,GIN,TOURING,BAD,CARD
1243,406,15,5,2,2,NONE,VODKA,TOURING,GOOD,TRANSFER
1244,304,2,10,0,1,ALL,VINE,ACTIVE,NONE,CARD
1245,363,6,16,0,3,NONE,NONE,REST,GOOD,CRYPTO
1246,315,14,22,2,2,ALL,GIN,REST,AVARAGE,CRYPTO
1247,183,0,16,2,3,VEGET,BEER,ACTIVE,BAD,TRANSFER
1248,251,3,25,0,3,NONE,LIQUEUR,TOURING,NONE,TRANSFER
1249,42,11,32,0,0,VEGAN,GIN,TOURING,BEST,CRYPTO
1250,339,0,38,2,2,NONE,VODKA,ACTIVE,BEST,NONE
1251,411,7,15,2,0,VEGET,RUM,ALL,BAD,NONE
1252,108,7,7,0,2,VEGET,NONE,TOURING,GOOD,CRYPTO
1253,310,19,16,0,1,VEGAN,VODKA,NONE,OK,CRYPTO
1254,15,1,13,2,0,VEGAN,GIN,NONE,OK,TRANSFER
1255,121,19,17,2,2,VEGAN,VINE,ACTIVE,GOOD,NONE
1256,83,18,8,2,1,VEGAN,RUM,TOURING,GOOD,CRYPTO
1257,73,0,30,4,1,NONE,BEER,ALL,OK,CASH
1258,344,8,36,4,0,VEGET,NONE,NONE,AVARAGE,BLIK
1259,316,19,34,0,3,ALL,VODKA,TOURING,GOOD,CARD
1260,384,4,27,4,2,ALL,LIQUEUR,ACTIVE,OK,BLIK
1261,9,11,30,2,0,VEGET,NONE,NONE,GOOD,CASH
1262,340,11,12,4,0,ALL,NONE,TOURING,AVARAGE,TRANSFER
1263,56,11,25,2,0,ALL,VODKA,NONE,GOOD,CRYPTO
1264,221,12,21,4,0,NONE,VINE,ACTIVE,GOOD,TRANSFER
1265,124,11,20,0,1,VEGAN,BEER,ALL,GOOD,BLIK
1266,224,10,25,2,3,VEGAN,BEER,TOURING,OK,CARD
1267,110,4,33,0,3,VEGET,RUM,REST,GOOD,CARD
1268,261,1,2,4,1,ALL,GIN,ACTIVE,OK,CARD
1269,143,9,8,4,1,VEGAN,BEER,REST,NONE,TRANSFER
1270,340,19,20,0,2,ALL,GIN,ALL,BEST,BLIK
1271,408,8,22,0,2,VEGAN,LIQUEUR,REST,OK,CARD
1272,111,8,19,4,1,VEGAN,VODKA,REST,NONE,CASH
1273,144,3,18,0,3,NONE,GIN,NONE,OK,TRANSFER
1274,278,4,5,4,2,VEGET,LIQUEUR,ALL,BAD,TRANSFER
1275,14,16,20,0,1,VEGAN,RUM,TOURING,BEST,NONE
1276,33,16,28,0,1,ALL,VODKA,NONE,GOOD,CASH
1277,292,14,15,4,2,ALL,RUM,REST,AVARAGE,BLIK
1278,354,15,13,2,0,NONE,VINE,REST,NONE,TRANSFER
1279,280,0,25,2,0,ALL,VODKA,TOURING,AVARAGE,NONE
1280,101,15,20,0,0,VEGAN,BEER,TOURING,BAD,NONE
1281,385,6,1,2,2,NONE,GIN,NONE,AVARAGE,CARD
1282,400,7,36,4,0,VEGAN,VINE,TOURING,BEST,CRYPTO
1283,181,11,26,0,3,NONE,BEER,REST,OK,NONE
1284,259,6,9,2,1,VEGAN,NONE,REST,BAD,NONE
1285,285,2,32,0,3,ALL,VODKA,NONE,GOOD,BLIK
1286,458,16,6,0,2,VEGET,VINE,TOURING,NONE,CARD
1287,33,16,24,4,0,ALL,VINE,NONE,BAD,CARD
1288,361,8,25,4,3,NONE,RUM,REST,OK,CRYPTO
1289,401,9,28,0,1,VEGAN,GIN,TOURING,NONE,TRANSFER
1290,316,19,16,0,0,ALL,VINE,TOURING,AVARAGE,CASH
1291,339,1,27,4,1,NONE,VODKA,NONE,GOOD,CASH
1292,34,0,19,0,1,VEGAN,NONE,ACTIVE,BEST,BLIK
1293,223,2,9,0,2,VEGET,RUM,TOURING,BAD,NONE
1294,329,15,16,2,2,VEGET,NONE,ACTIVE,GOOD,NONE
1295,252,12,18,4,3,NONE,VINE,NONE,BAD,TRANSFER
1296,199,14,7,2,0,VEGET,VODKA,TOURING,GOOD,CARD
1297,205,12,4,4,3,NONE,GIN,ALL,GOOD,TRANSFER
1298,280,17,19,4,1,VEGET,NONE,ALL,AVARAGE,CARD
1299,63,5,33,2,0,VEGAN,LIQUEUR,ACTIVE,BEST,CRYPTO
1300,117,10,15,2,3,NONE,VODKA,TOURING,AVARAGE,CASH
1301,180,3,8,0,3,NONE,NONE,NONE,NONE,TRANSFER
1302,297,6,33,0,1,VEGET,NONE,ACTIVE,BEST,NONE
1303,364,10,28,2,1,VEGAN,GIN,ACTIVE,OK,CRYPTO
1304,333,13,38,4,1,ALL,LIQUEUR,ACTIVE,AVARAGE,NONE
1305,158,14,14,2,2,ALL,NONE,TOURING,AVARAGE,NONE
1306,324,4,5,0,2,VEGET,BEER,REST,GOOD,CARD
1307,361,11,37,4,1,VEGET,NONE,TOURING,BAD,CARD
1308,419,14,2,2,2,VEGAN,LIQUEUR,NONE,BEST,TRANSFER
1309,276,11,1,0,0,ALL,BEER,ACTIVE,OK,CARD
1310,338,16,1,0,3,NONE,BEER,NONE,OK,BLIK
1311,415,6,3,0,0,VEGAN,NONE,NONE,BEST,CASH
1312,208,15,17,2,2,ALL,NONE,TOURING,NONE,BLIK
1313,316,11,35,0,0,ALL,GIN,ACTIVE,AVARAGE,CARD
1314,324,10,28,4,2,ALL,GIN,REST,OK,NONE
1315,158,13,23,4,1,NONE,GIN,NONE,BAD,CARD
1316,128,5,23,2,2,ALL,LIQUEUR,REST,BEST,BLIK
1317,56,15,12,0,1,VEGAN,BEER,ACTIVE,GOOD,CARD
1318,101,11,19,2,1,VEGET,VINE,ALL,OK,BLIK
1319,20,11,24,4,1,VEGAN,RUM,NONE,OK,NONE
1320,372,15,16,0,3,VEGET,VINE,ALL,BAD,CASH
1321,77,19,32,2,0,VEGET,NONE,REST,OK,CRYPTO
1322,300,6,23,0,1,VEGET,VINE,REST,NONE,CARD
1323,78,6,9,4,2,VEGET,RUM,REST,BEST,CRYPTO
1324,361,16,31,4,0,VEGET,VINE,ACTIVE,BAD,CASH
1325,189,7,6,4,0,VEGAN,LIQUEUR,ALL,NONE,TRANSFER
1326,148,12,2,2,2,ALL,VODKA,ACTIVE,NONE,BLIK
1327,112,7,29,0,0,VEGET,VODKA,ALL,GOOD,CARD
1328,231,16,20,2,0,VEGAN,RUM,REST,NONE,CARD
1329,393,12,35,2,0,NONE,VINE,ACTIVE,BEST,TRANSFER
1330,170,5,35,4,0,NONE,VINE,ACTIVE,BEST,CASH
1331,308,4,27,2,3,VEGET,VODKA,NONE,BEST,CARD
1332,183,3,21,2,2,VEGET,BEER,ALL,NONE,TRANSFER
1333,112,4,11,4,1,NONE,GIN,REST,AVARAGE,NONE
1334,379,9,29,2,1,VEGET,RUM,ACTIVE,GOOD,NONE
1335,315,14,33,0,0,ALL,LIQUEUR,TOURING,AVARAGE,BLIK
1336,205,15,11,4,0,NONE,VINE,REST,GOOD,BLIK
1337,227,0,18,0,1,ALL,RUM,TOURING,AVARAGE,CASH
1338,123,3,8,2,0,VEGET,VODKA,NONE,NONE,CARD
1339,451,1,27,4,3,VEGET,BEER,TOURING,NONE,TRANSFER
1340,363,16,16,2,0,NONE,NONE,REST,NONE,NONE
1341,55,3,21,2,1,VEGET,LIQUEUR,ACTIVE,AVARAGE,CARD
1342,411,5,16,0,3,NONE,VINE,TOURING,BAD,BLIK
1343,322,15,30,0,0,VEGAN,NONE,REST,BAD,CRYPTO
1344,188,15,9,4,2,ALL,VODKA,TOURING,BAD,CRYPTO
1345,330,6,23,4,0,ALL,NONE,TOURING,BEST,TRANSFER
1346,48,10,5,0,2,NONE,VINE,NONE,AVARAGE,BLIK
1347,398,5,22,2,2,VEGAN,LIQUEUR,ALL,NONE,CASH
1348,126,0,37,4,3,VEGAN,RUM,NONE,BAD,CASH
1349,305,6,16,2,2,VEGAN,GIN,REST,GOOD,BLIK
1350,250,14,39,4,2,ALL,NONE,TOURING,AVARAGE,CARD
1351,407,0,6,2,1,VEGET,RUM,TOURING,AVARAGE,NONE
1352,189,15,17,2,0,VEGET,GIN,TOURING,BEST,CARD
1353,188,12,20,2,3,VEGAN,GIN,REST,BEST,CASH
1354,18,2,7,0,3,ALL,NONE,TOURING,AVARAGE,CARD
1355,288,13,32,4,2,NONE,LIQUEUR,REST,BAD,NONE
1356,69,0,39,4,1,VEGAN,VODKA,ACTIVE,AVARAGE,BLIK
1357,261,18,1,2,1,NONE,BEER,NONE,GOOD,CRYPTO
1358,204,18,32,4,2,VEGET,VINE,ALL,BAD,BLIK
1359,226,9,14,2,1,NONE,GIN,NONE,BAD,NONE
1360,412,15,2,2,2,VEGAN,VINE,TOURING,GOOD,BLIK
1361,205,7,34,0,1,VEGET,BEER,ACTIVE,BEST,CASH
1362,177,1,29,0,0,VEGAN,BEER,TOURING,GOOD,CRYPTO
1363,108,2,26,4,2,VEGET,VODKA,ALL,BAD,NONE
1364,429,5,1,2,2,NONE,VODKA,TOURING,OK,CRYPTO
1365,320,2,23,0,2,NONE,VODKA,TOURING,BEST,BLIK
1366,98,4,30,0,2,VEGET,BEER,NONE,OK,CARD
1367,173,8,8,0,1,VEGET,RUM,TOURING,OK,TRANSFER
1368,62,12,25,0,3,NONE,BEER,REST,AVARAGE,CASH
1369,323,4,5,2,3,NONE,NONE,NONE,BAD,CRYPTO
1370,444,11,13,2,3,NONE,VODKA,REST,OK,NONE
1371,33,1,12,0,1,VEGAN,VINE,ALL,OK,BLIK
1372,104,15,27,4,3,VEGET,BEER,ACTIVE,NONE,CRYPTO
1373,141,2,6,0,2,NONE,VODKA,REST,BEST,TRANSFER
1374,433,18,20,2,0,VEGAN,LIQUEUR,NONE,GOOD,TRANSFER
1375,288,6,32,2,2,NONE,VODKA,NONE,BAD,CRYPTO
1376,266,0,1,4,2,ALL,GIN,REST,BEST,CASH
1377,423,15,38,4,0,VEGET,NONE,ACTIVE,BEST,NONE
1378,230,6,3,4,3,NONE,BEER,ACTIVE,OK,BLIK
1379,429,19,9,0,3,NONE,GIN,ALL,BAD,TRANSFER
1380,381,16,27,0,2,VEGAN,LIQUEUR,TOURING,OK,CASH
1381,55,0,36,0,3,ALL,LIQUEUR,TOURING,GOOD,CASH
1382,435,6,35,0,0,VEGET,NONE,TOURING,GOOD,CASH
1383,449,15,11,0,1,VEGAN,RUM,ACTIVE,BEST,NONE
1384,410,18,38,4,1,NONE,VODKA,ALL,GOOD,TRANSFER
1385,402,3,24,2,0,NONE,NONE,ALL,BAD,BLIK
1386,257,6,39,4,3,ALL,NONE,ACTIVE,GOOD,CARD
1387,170,18,33,2,1,NONE,BEER,NONE,OK,TRANSFER
1388,338,13,32,2,3,ALL,BEER,NONE,AVARAGE,CRYPTO
1389,269,15,22,4,1,NONE,NONE,ALL,AVARAGE,TRANSFER
1390,161,11,25,4,1,VEGET,VODKA,ACTIVE,BAD,CRYPTO
1391,444,5,4,2,2,VEGET,RUM,ALL,GOOD,CASH
1392,202,5,21,2,2,VEGET,VINE,ALL,BEST,NONE
1393,332,19,13,0,0,ALL,RUM,ALL,NONE,CRYPTO
1394,438,17,22,2,2,NONE,LIQUEUR,REST,GOOD,CRYPTO
1395,419,9,27,2,0,ALL,BEER,REST,OK,TRANSFER
1396,221,18,10,0,3,ALL,BEER,ACTIVE,OK,CRYPTO
1397,302,3,9,2,2,VEGAN,LIQUEUR,REST,NONE,CASH
1398,386,16,6,2,0,VEGET,NONE,ALL,BAD,CASH
1399,26,16,33,0,2,VEGET,NONE,TOURING,BAD,NONE
1400,173,2,35,0,3,ALL,BEER,ACTIVE,AVARAGE,BLIK
1401,27,14,29,0,1,VEGAN,VODKA,REST,BAD,TRANSFER
1402,389,7,9,4,3,VEGAN,BEER,ACTIVE,BEST,BLIK
1403,58,15,2,4,2,VEGET,VODKA,NONE,AVARAGE,BLIK
1404,382,2,9,0,0,VEGET,GIN,ACTIVE,NONE,BLIK
1405,275,10,36,4,2,NONE,LIQUEUR,ACTIVE,OK,BLIK
1406,197,12,3,2,3,VEGET,LIQUEUR,ACTIVE,OK,TRANSFER
1407,181,15,2,4,0,ALL,GIN,ACTIVE,GOOD,TRANSFER
1408,56,12,3,2,0,VEGAN,VODKA,ACTIVE,GOOD,CRYPTO
1409,63,19,23,0,0,ALL,VINE,REST,AVARAGE,CARD
1410,349,10,15,2,1,ALL,RUM,NONE,BEST,BLIK
1411,308,4,32,2,3,NONE,BEER,ACTIVE,BAD,NONE
1412,277,16,37,2,2,NONE,BEER,ACTIVE,NONE,NONE
1413,447,12,14,4,2,VEGAN,BEER,ALL,NONE,TRANSFER
1414,14,13,32,4,3,VEGAN,BEER,ACTIVE,GOOD,CASH
1415,146,12,7,0,3,NONE,VINE,ACTIVE,OK,TRANSFER
1416,189,6,39,4,1,ALL,RUM,TOURING,OK,NONE
1417,75,4,24,4,1,ALL,BEER,REST,GOOD,CRYPTO
1418,277,10,23,0,3,ALL,GIN,TOURING,BAD,BLIK
1419,126,17,1,4,0,VEGET,GIN,ALL,BAD,TRANSFER
1420,225,18,34,4,2,ALL,VODKA,ACTIVE,BAD,CARD
1421,109,10,17,2,0,NONE,LIQUEUR,ACTIVE,OK,TRANSFER
1422,427,13,18,4,0,VEGET,GIN,REST,OK,NONE
1423,193,19,1,0,1,VEGAN,RUM,TOURING,OK,CRYPTO
1424,49,4,2,2,2,NONE,NONE,ALL,BAD,NONE
1425,398,2,28,2,3,VEGAN,BEER,REST,BEST,NONE
1426,207,17,24,2,1,NONE,NONE,REST,OK,CASH
1427,153,3,32,4,2,VEGET,BEER,ACTIVE,BAD,TRANSFER
1428,234,16,2,2,2,VEGET,LIQUEUR,REST,BEST,CASH
1429,88,6,36,0,1,VEGET,GIN,TOURING,NONE,CRYPTO
1430,404,19,14,4,0,ALL,GIN,ALL,BAD,BLIK
1431,247,15,17,2,3,VEGET,NONE,TOURING,BEST,BLIK
1432,88,0,5,0,1,VEGET,GIN,ACTIVE,OK,NONE
1433,338,2,3,0,2,VEGAN,NONE,REST,BAD,CASH
1434,52,0,2,2,0,ALL,RUM,NONE,BAD,CARD
1435,274,19,20,0,2,VEGET,RUM,NONE,GOOD,NONE
1436,165,13,27,2,2,VEGET,LIQUEUR,ACTIVE,AVARAGE,TRANSFER
1437,155,5,12,2,1,VEGET,LIQUEUR,TOURING,AVARAGE,CARD
1438,158,18,37,2,3,VEGAN,LIQUEUR,REST,NONE,NONE
1439,262,10,16,0,1,ALL,LIQUEUR,ACTIVE,AVARAGE,TRANSFER
1440,136,9,3,2,3,NONE,VODKA,ALL,NONE,BLIK
1441,383,1,27,4,2,ALL,NONE,REST,BEST,CASH
1442,385,2,28,0,1,VEGET,GIN,ACTIVE,NONE,CARD
1443,22,11,31,0,2,VEGAN,NONE,ACTIVE,NONE,TRANSFER
1444,295,0,25,2,3,VEGET,NONE,REST,NONE,CARD
1445,395,14,29,2,1,VEGET,GIN,ALL,OK,BLIK
1446,359,13,21,0,3,VEGAN,VINE,NONE,BAD,CARD
1447,134,4,18,4,1,NONE,GIN,TOURING,AVARAGE,CARD
1448,18,18,20,2,1,VEGET,NONE,ACTIVE,OK,BLIK
1449,363,8,25,0,2,ALL,BEER,TOURING,AVARAGE,BLIK
1450,191,19,16,0,1,VEGAN,VODKA,ALL,BAD,NONE
1451,62,10,23,0,1,NONE,VODKA,NONE,AVARAGE,CASH
1452,205,11,19,2,3,ALL,RUM,TOURING,NONE,CRYPTO
1453,419,4,13,0,3,VEGAN,NONE,REST,BEST,NONE
1454,315,7,32,4,0,NONE,NONE,ALL,NONE,TRANSFER
1455,349,3,4,4,0,VEGET,NONE,ACTIVE,OK,CARD
1456,442,0,39,0,0,VEGAN,LIQUEUR,REST,OK,TRANSFER
1457,67,11,34,2,1,ALL,VINE,REST,BAD,NONE
1458,82,14,10,2,1,NONE,VINE,ACTIVE,NONE,TRANSFER
1459,23,15,22,4,2,VEGET,VODKA,REST,AVARAGE,BLIK
1460,156,19,30,4,2,VEGAN,VINE,REST,BAD,NONE
1461,98,4,38,0,3,VEGAN,BEER,REST,BAD,TRANSFER
1462,163,15,18,0,0,VEGET,RUM,NONE,GOOD,CRYPTO
1463,111,12,39,2,2,ALL,VINE,ALL,BEST,NONE
1464,77,6,22,2,0,ALL,NONE,NONE,AVARAGE,CRYPTO
1465,24,5,21,0,1,ALL,NONE,NONE,AVARAGE,CRYPTO
1466,24,12,3,4,3,NONE,VODKA,NONE,AVARAGE,NONE
1467,254,6,5,0,2,VEGAN,VINE,REST,AVARAGE,TRANSFER
1468,194,4,33,0,1,NONE,LIQUEUR,TOURING,GOOD,CRYPTO
1469,443,6,12,2,3,NONE,VODKA,ACTIVE,BEST,TRANSFER
1470,217,0,27,2,0,VEGAN,NONE,REST,OK,CASH
1471,182,7,3,0,2,NONE,VINE,TOURING,BEST,NONE
1472,230,11,18,2,0,VEGET,RUM,TOURING,OK,CRYPTO
1473,282,1,9,2,0,VEGET,GIN,NONE,AVARAGE,CRYPTO
1474,250,3,13,4,2,VEGAN,VODKA,ALL,BEST,CASH
1475,303,0,30,0,0,NONE,RUM,ACTIVE,GOOD,CARD
1476,386,0,29,0,2,VEGAN,RUM,TOURING,BAD,CASH
1477,337,7,16,0,3,VEGAN,VINE,NONE,BEST,TRANSFER
1478,12,10,36,2,0,VEGET,RUM,REST,OK,CASH
1479,170,6,11,0,2,NONE,GIN,REST,AVARAGE,CASH
1480,427,15,28,4,3,VEGAN,BEER,REST,AVARAGE,BLIK
1481,299,17,32,0,1,VEGET,RUM,TOURING,OK,CRYPTO
1482,41,0,29,4,0,NONE,LIQUEUR,ALL,NONE,CRYPTO
1483,137,10,39,2,2,NONE,VODKA,ALL,OK,NONE
1484,146,12,26,4,1,VEGET,BEER,REST,OK,CASH
1485,69,0,37,4,1,VEGAN,NONE,ALL,OK,CARD
1486,340,17,28,2,2,VEGAN,NONE,ACTIVE,AVARAGE,NONE
1487,125,10,16,2,2,VEGET,BEER,ALL,BAD,BLIK
1488,96,15,9,4,3,ALL,VODKA,REST,GOOD,CASH
1489,452,11,11,2,2,VEGET,GIN,ALL,AVARAGE,CRYPTO
1490,346,19,30,0,3,ALL,LIQUEUR,ALL,BEST,CARD
1491,456,18,22,0,2,VEGAN,GIN,ACTIVE,NONE,NONE
1492,448,17,39,2,3,VEGAN,BEER,ALL,GOOD,CRYPTO
1493,250,19,21,2,1,ALL,GIN,REST,GOOD,TRANSFER
1494,203,16,37,0,3,VEGAN,VODKA,TOURING,BAD,BLIK
1495,451,3,23,2,1,ALL,NONE,NONE,AVARAGE,BLIK
1496,16,8,1,2,1,NONE,GIN,REST,GOOD,TRANSFER
1497,437,10,11,0,1,VEGET,RUM,TOURING,BEST,CRYPTO
1498,154,5,35,2,2,NONE,VINE,REST,GOOD,CRYPTO
1499,312,3,19,4,0,VEGET,NONE,NONE,AVARAGE,BLIK
1500,139,15,37,4,2,VEGAN,RUM,REST,AVARAGE,CRYPTO
1501,271,9,9,0,1,NONE,RUM,ALL,OK,TRANSFER
1502,232,6,28,0,3,VEGAN,BEER,ACTIVE,GOOD,BLIK
1503,93,7,24,2,1,ALL,VODKA,REST,BEST,CARD
1504,344,4,14,2,1,VEGAN,RUM,TOURING,BAD,CRYPTO
1505,324,0,19,2,1,ALL,GIN,NONE,OK,CRYPTO
1506,169,12,13,4,0,ALL,GIN,ACTIVE,OK,CRYPTO
1507,4,16,7,0,1,NONE,BEER,ACTIVE,OK,BLIK
1508,218,1,30,2,2,VEGAN,GIN,ALL,AVARAGE,NONE
1509,215,17,14,0,1,NONE,LIQUEUR,REST,OK,TRANSFER
1510,239,18,38,0,3,NONE,BEER,NONE,GOOD,CARD
1511,321,18,27,2,3,VEGAN,RUM,ACTIVE,GOOD,CARD
1512,286,7,25,2,2,ALL,RUM,REST,OK,CARD
1513,226,5,20,4,0,NONE,RUM,ACTIVE,BEST,CRYPTO
1514,293,9,26,0,1,VEGAN,RUM,ALL,AVARAGE,NONE
1515,255,8,28,0,3,VEGET,VODKA,TOURING,BEST,CASH
1516,417,6,20,4,0,ALL,VINE,TOURING,BEST,TRANSFER
1517,157,7,8,0,2,VEGAN,NONE,REST,BEST,CRYPTO
1518,274,8,39,4,1,ALL,RUM,REST,GOOD,CRYPTO
1519,395,6,29,4,3,VEGAN,GIN,TOURING,NONE,CARD
1520,311,19,28,0,3,ALL,LIQUEUR,ALL,BAD,CASH
1521,80,12,38,4,3,NONE,VODKA,ACTIVE,BEST,CARD
1522,215,16,26,2,1,VEGAN,LIQUEUR,ACTIVE,GOOD,TRANSFER
1523,324,18,6,4,1,VEGET,VODKA,REST,OK,TRANSFER
1524,337,16,22,2,2,VEGAN,VODKA,REST,OK,BLIK
1525,154,13,4,4,2,VEGAN,RUM,NONE,OK,NONE
1526,429,0,2,2,2,VEGAN,GIN,ACTIVE,GOOD,CASH
1527,325,4,3,0,3,ALL,LIQUEUR,TOURING,BAD,CASH
1528,199,11,33,2,2,NONE,NONE,TOURING,AVARAGE,CRYPTO
1529,346,9,19,2,3,VEGET,NONE,ALL,NONE,CARD
1530,140,18,24,2,3,ALL,BEER,TOURING,NONE,BLIK
1531,158,10,39,2,2,NONE,GIN,ACTIVE,OK,BLIK
1532,391,7,39,0,0,NONE,GIN,NONE,BAD,TRANSFER
1533,297,6,1,4,1,VEGET,VINE,REST,BAD,CRYPTO
1534,25,5,8,2,2,VEGET,NONE,ACTIVE,BAD,NONE
1535,323,5,17,0,0,ALL,BEER,TOURING,BEST,CRYPTO
1536,312,2,16,0,0,VEGAN,BEER,ALL,BEST,CRYPTO
1537,438,0,23,0,1,ALL,BEER,ALL,BAD,CASH
1538,297,1,19,0,3,ALL,VINE,TOURING,GOOD,TRANSFER
1539,316,13,10,4,2,VEGET,NONE,TOURING,BEST,NONE
1540,447,2,1,4,3,VEGAN,LIQUEUR,REST,NONE,TRANSFER
1541,37,6,12,2,1,NONE,VINE,ACTIVE,OK,BLIK
1542,395,7,13,0,3,VEGAN,RUM,ALL,BEST,NONE
1543,235,13,9,2,2,VEGET,VINE,TOURING,NONE,CARD
1544,262,12,18,0,2,ALL,GIN,TOURING,NONE,BLIK
1545,312,16,31,2,2,NONE,NONE,REST,AVARAGE,TRANSFER
1546,423,14,36,0,2,ALL,VODKA,NONE,GOOD,CASH
1547,361,9,17,4,2,ALL,VODKA,TOURING,BAD,CRYPTO
1548,73,8,2,4,0,NONE,BEER,ACTIVE,GOOD,CRYPTO
1549,338,15,22,2,2,NONE,GIN,ACTIVE,BEST,CRYPTO
1550,309,14,12,2,2,NONE,RUM,REST,BAD,CASH
1551,129,14,37,4,0,VEGET,VINE,REST,BEST,CARD
1552,263,19,29,0,1,ALL,LIQUEUR,ALL,BAD,CARD
1553,279,12,7,4,3,NONE,NONE,ALL,BEST,CARD
1554,218,1,3,2,1,ALL,VINE,ALL,AVARAGE,BLIK
1555,271,13,22,0,0,NONE,VINE,NONE,NONE,NONE
1556,39,19,31,0,1,VEGET,VINE,NONE,GOOD,TRANSFER
1557,297,9,16,2,2,VEGAN,VINE,REST,BAD,CASH
1558,107,1,12,0,3,VEGAN,VINE,ALL,GOOD,CASH
1559,323,12,10,4,1,VEGET,BEER,ALL,BAD,CARD
1560,260,18,39,2,1,ALL,GIN,ALL,OK,NONE
1561,182,18,21,2,1,VEGET,BEER,ACTIVE,NONE,CRYPTO
1562,48,3,23,0,2,VEGET,VINE,TOURING,AVARAGE,CASH
1563,324,16,34,0,3,VEGET,RUM,NONE,OK,TRANSFER
1564,375,7,1,4,2,VEGET,BEER,TOURING,NONE,CASH
1565,223,2,17,0,1,ALL,GIN,TOURING,GOOD,TRANSFER
1566,239,4,16,2,3,NONE,VINE,ALL,NONE,CARD
1567,105,1,3,2,2,NONE,GIN,TOURING,NONE,TRANSFER
1568,141,0,5,2,0,VEGET,GIN,NONE,BAD,NONE
1569,266,15,39,2,0,NONE,BEER,REST,AVARAGE,NONE
1570,262,11,29,2,0,VEGAN,NONE,TOURING,BEST,CARD
1571,307,9,26,0,2,ALL,RUM,NONE,AVARAGE,CARD
1572,390,7,21,4,1,NONE,VODKA,REST,GOOD,BLIK
1573,65,6,26,2,1,VEGET,BEER,ALL,OK,NONE
1574,121,4,30,4,0,ALL,VINE,TOURING,OK,NONE
1575,197,2,15,0,1,VEGAN,GIN,ACTIVE,OK,CARD
1576,251,5,39,2,3,VEGAN,LIQUEUR,NONE,BAD,NONE
1577,334,12,33,0,3,VEGET,LIQUEUR,ALL,NONE,CASH
1578,433,11,19,4,1,ALL,GIN,ACTIVE,GOOD,CARD
1579,114,19,7,0,1,ALL,VINE,REST,BAD,NONE
1580,293,18,24,2,2,VEGET,VINE,TOURING,AVARAGE,BLIK
1581,113,6,36,0,2,ALL,LIQUEUR,TOURING,OK,BLIK
1582,434,13,36,0,3,NONE,RUM,TOURING,OK,CRYPTO
1583,447,3,8,2,3,NONE,RUM,NONE,NONE,BLIK
1584,333,19,12,0,3,VEGET,NONE,NONE,OK,CRYPTO
1585,145,6,9,0,2,VEGAN,RUM,TOURING,GOOD,BLIK
1586,246,2,11,2,3,NONE,VODKA,ACTIVE,OK,CARD
1587,442,10,30,0,1,VEGET,LIQUEUR,ACTIVE,AVARAGE,TRANSFER
1588,406,14,13,2,2,ALL,NONE,ALL,OK,CASH
1589,71,12,5,4,2,ALL,NONE,NONE,GOOD,NONE
1590,63,18,28,4,0,VEGET,VINE,TOURING,NONE,CRYPTO
1591,424,14,17,0,1,NONE,VODKA,ACTIVE,BEST,TRANSFER
1592,250,1,32,0,1,VEGAN,VINE,ACTIVE,NONE,NONE
1593,93,18,17,0,1,ALL,GIN,ALL,BEST,CRYPTO
1594,253,5,4,0,1,ALL,VODKA,ACTIVE,GOOD,CRYPTO
1595,164,3,29,2,0,ALL,BEER,REST,GOOD,CASH
1596,156,12,39,2,3,VEGET,RUM,TOURING,NONE,NONE
1597,140,8,2,4,1,ALL,VODKA,ACTIVE,BEST,CARD
1598,234,19,1,2,1,VEGET,VODKA,NONE,GOOD,CARD
1599,118,11,21,0,3,VEGAN,GIN,ALL,OK,NONE
1600,123,18,13,0,2,NONE,BEER,NONE,GOOD,NONE
1601,198,4,26,0,3,VEGAN,VINE,ACTIVE,GOOD,CRYPTO
1602,113,0,19,2,2,VEGET,GIN,TOURING,BEST,TRANSFER
1603,33,7,32,2,2,ALL,LIQUEUR,NONE,BEST,NONE
1604,458,16,22,2,1,VEGAN,VODKA,NONE,OK,BLIK
1605,309,3,14,4,0,ALL,VINE,REST,GOOD,BLIK
1606,151,1,14,2,3,ALL,VODKA,NONE,BEST,NONE
1607,97,9,26,2,0,NONE,VINE,TOURING,NONE,CARD
1608,218,3,24,2,2,NONE,LIQUEUR,ALL,BAD,CASH
1609,242,3,38,2,0,NONE,BEER,TOURING,GOOD,CARD
1610,369,17,37,2,1,VEGAN,LIQUEUR,TOURING,OK,NONE
1611,378,4,25,2,3,NONE,VODKA,NONE,GOOD,CASH
1612,352,0,23,2,1,NONE,RUM,REST,OK,CRYPTO
1613,408,3,30,0,1,ALL,NONE,NONE,OK,NONE
1614,28,9,9,2,2,ALL,LIQUEUR,ACTIVE,BEST,CASH
1615,315,10,15,4,2,VEGET,GIN,REST,NONE,CASH
1616,264,15,17,2,3,ALL,RUM,NONE,OK,TRANSFER
1617,222,6,4,2,0,VEGET,LIQUEUR,REST,NONE,NONE
1618,259,16,31,0,1,NONE,GIN,TOURING,GOOD,TRANSFER
1619,100,1,30,0,2,ALL,VINE,TOURING,BAD,CARD
1620,274,1,37,0,0,VEGET,LIQUEUR,TOURING,BEST,CASH
1621,424,8,1,0,0,VEGAN,NONE,NONE,BAD,CRYPTO
1622,25,4,39,4,0,ALL,RUM,ACTIVE,BEST,CRYPTO
1623,188,14,17,0,1,NONE,VINE,REST,GOOD,NONE
1624,289,13,33,0,2,NONE,VODKA,TOURING,OK,CASH
1625,51,16,20,2,2,ALL,RUM,NONE,GOOD,NONE
1626,36,15,22,2,2,NONE,GIN,ACTIVE,GOOD,CASH
1627,456,17,38,2,0,ALL,BEER,TOURING,BEST,CRYPTO
1628,299,8,16,2,0,NONE,BEER,TOURING,NONE,CRYPTO
1629,316,12,20,4,3,NONE,VINE,NONE,NONE,TRANSFER
1630,87,18,37,2,1,VEGAN,GIN,REST,BEST,CARD
1631,406,12,6,2,0,VEGAN,BEER,ALL,BEST,NONE
1632,159,13,6,0,0,VEGET,LIQUEUR,ACTIVE,NONE,NONE
1633,337,0,34,0,1,VEGAN,VINE,REST,GOOD,NONE
1634,396,2,9,0,1,ALL,LIQUEUR,NONE,AVARAGE,TRANSFER
1635,403,4,37,4,0,ALL,GIN,ACTIVE,BAD,CRYPTO
1636,455,6,36,4,1,ALL,RUM,ACTIVE,GOOD,BLIK
1637,248,19,1,4,3,VEGAN,NONE,ACTIVE,GOOD,CASH
1638,19,2,27,2,3,ALL,LIQUEUR,REST,BAD,NONE
1639,437,2,6,4,1,VEGAN,VODKA,ACTIVE,OK,TRANSFER
1640,194,16,14,0,2,VEGET,VODKA,ALL,OK,NONE
1641,138,16,13,2,3,NONE,VINE,ACTIVE,AVARAGE,CARD
1642,342,19,12,0,3,VEGET,NONE,ACTIVE,BEST,BLIK
1643,137,15,16,0,1,VEGAN,LIQUEUR,REST,BAD,CARD
1644,399,11,4,0,1,ALL,GIN,ACTIVE,BAD,BLIK
1645,374,14,32,4,3,VEGET,NONE,ACTIVE,OK,NONE
1646,351,4,5,2,2,VEGAN,VODKA,TOURING,NONE,CRYPTO
1647,151,12,19,0,1,ALL,VODKA,REST,BEST,BLIK
1648,328,0,14,4,1,VEGET,LIQUEUR,ACTIVE,BAD,CASH
1649,175,5,12,4,2,VEGET,RUM,REST,BAD,NONE
1650,257,14,28,0,1,NONE,BEER,ACTIVE,OK,TRANSFER
1651,417,3,4,0,3,ALL,LIQUEUR,ACTIVE,AVARAGE,NONE
1652,36,1,33,4,0,VEGET,BEER,REST,AVARAGE,CRYPTO
1653,397,15,22,4,2,VEGAN,VODKA,ACTIVE,OK,NONE
1654,247,17,7,0,0,NONE,VINE,ACTIVE,AVARAGE,NONE
1655,164,0,5,0,0,VEGAN,BEER,NONE,NONE,NONE
1656,185,17,25,0,1,VEGET,VODKA,ALL,OK,BLIK
1657,313,4,1,2,1,ALL,NONE,ALL,BEST,NONE
1658,447,13,16,0,0,NONE,GIN,NONE,GOOD,CASH
1659,203,9,10,4,3,NONE,LIQUEUR,NONE,NONE,CRYPTO
1660,299,9,39,2,3,VEGAN,GIN,ACTIVE,BEST,NONE
1661,384,2,26,2,1,VEGAN,RUM,TOURING,GOOD,NONE
1662,185,18,35,2,1,VEGAN,BEER,ACTIVE,GOOD,CRYPTO
1663,377,3,21,4,0,ALL,NONE,TOURING,OK,NONE
1664,79,0,33,0,0,VEGAN,VINE,TOURING,NONE,NONE
1665,152,6,37,4,2,ALL,VINE,NONE,BEST,CASH
1666,133,16,8,2,1,NONE,GIN,TOURING,OK,TRANSFER
1667,91,19,35,0,2,VEGET,LIQUEUR,ALL,GOOD,NONE
1668,90,11,2,0,3,ALL,VINE,ACTIVE,AVARAGE,CARD
1669,323,13,14,4,0,VEGAN,VODKA,ACTIVE,BEST,CRYPTO
1670,352,12,24,2,0,VEGAN,BEER,ACTIVE,BAD,CASH
1671,432,9,37,0,2,ALL,LIQUEUR,TOURING,BEST,TRANSFER
1672,359,6,7,2,3,VEGAN,VODKA,TOURING,GOOD,TRANSFER
1673,218,11,39,2,2,VEGET,VODKA,ACTIVE,NONE,CASH
1674,72,5,4,2,1,ALL,RUM,ALL,GOOD,CARD
1675,12,16,26,2,1,VEGET,RUM,TOURING,GOOD,CRYPTO
1676,60,10,6,4,2,VEGET,VINE,ALL,AVARAGE,CRYPTO
1677,15,12,37,4,1,NONE,GIN,REST,AVARAGE,NONE
1678,323,16,17,2,3,NONE,VINE,TOURING,GOOD,BLIK
1679,86,4,13,0,2,ALL,RUM,NONE,BEST,CRYPTO
1680,161,1,37,2,3,VEGET,NONE,ACTIVE,GOOD,CARD
1681,195,10,34,4,3,ALL,LIQUEUR,ACTIVE,NONE,CARD
1682,93,13,23,4,2,VEGAN,VINE,ACTIVE,NONE,CRYPTO
1683,441,3,17,4,2,ALL,LIQUEUR,ACTIVE,GOOD,NONE
1684,123,1,38,0,0,VEGET,VODKA,TOURING,NONE,TRANSFER
1685,125,12,37,0,0,ALL,BEER,REST,OK,BLIK
1686,107,15,30,0,2,NONE,RUM,TOURING,NONE,BLIK
1687,263,9,28,0,2,VEGET,BEER,NONE,BAD,TRANSFER
1688,167,5,38,0,1,VEGET,LIQUEUR,REST,NONE,NONE
1689,282,2,34,2,0,VEGET,NONE,TOURING,BAD,BLIK
1690,92,19,26,0,3,NONE,GIN,ALL,BEST,CRYPTO
1691,73,8,28,2,1,VEGAN,VODKA,NONE,BEST,NONE
1692,261,14,1,2,3,NONE,LIQUEUR,ACTIVE,BEST,CASH
1693,43,7,7,0,2,VEGET,NONE,ALL,OK,CASH
1694,36,10,37,0,3,VEGAN,VODKA,TOURING,GOOD,CASH
1695,292,12,24,4,3,VEGET,LIQUEUR,ACTIVE,AVARAGE,TRANSFER
1696,1,11,4,2,1,VEGAN,VINE,TOURING,OK,CARD
1697,98,10,37,2,3,VEGET,VINE,ACTIVE,BAD,CASH
1698,439,11,26,2,3,NONE,VODKA,REST,BAD,NONE
1699,223,12,36,4,3,VEGET,RUM,REST,AVARAGE,TRANSFER
1700,301,1,15,2,3,ALL,VODKA,REST,AVARAGE,CASH
1701,364,5,8,4,1,NONE,LIQUEUR,ACTIVE,OK,CARD
1702,439,14,4,0,2,NONE,BEER,REST,BAD,BLIK
1703,231,19,37,4,2,NONE,VINE,NONE,GOOD,CARD
1704,285,12,6,2,2,VEGAN,VINE,NONE,GOOD,TRANSFER
1705,228,13,15,0,1,ALL,GIN,ACTIVE,OK,CARD
1706,240,0,31,0,1,NONE,NONE,NONE,AVARAGE,CARD
1707,366,8,6,4,1,VEGET,GIN,REST,BEST,CASH
1708,54,13,27,4,1,ALL,LIQUEUR,TOURING,GOOD,TRANSFER
1709,431,16,33,2,1,NONE,VODKA,TOURING,NONE,BLIK
1710,177,0,9,2,2,VEGET,RUM,ALL,NONE,TRANSFER
1711,76,19,37,0,3,NONE,RUM,ALL,BEST,CASH
1712,252,2,13,2,3,VEGET,VODKA,ALL,NONE,BLIK
1713,299,13,34,2,3,VEGET,VINE,ALL,BEST,CRYPTO
1714,226,19,27,4,0,NONE,LIQUEUR,TOURING,OK,BLIK
1715,73,17,34,0,1,VEGET,LIQUEUR,NONE,AVARAGE,BLIK
1716,251,13,23,0,2,VEGET,VINE,NONE,OK,CARD
1717,164,16,16,4,0,VEGET,NONE,ACTIVE,NONE,BLIK
1718,320,1,32,0,0,NONE,RUM,ACTIVE,AVARAGE,TRANSFER
1719,113,16,27,4,0,VEGET,RUM,ALL,NONE,TRANSFER
1720,286,1,7,2,2,VEGET,NONE,TOURING,AVARAGE,TRANSFER
1721,214,11,27,0,2,NONE,NONE,ACTIVE,NONE,BLIK
1722,22,10,31,2,0,VEGAN,VINE,TOURING,AVARAGE,NONE
1723,206,4,1,2,2,VEGET,LIQUEUR,NONE,BAD,CASH
1724,139,15,2,4,0,VEGET,BEER,ACTIVE,BAD,CRYPTO
1725,305,18,25,2,2,VEGAN,VINE,NONE,GOOD,CASH
1726,136,6,15,4,3,NONE,RUM,REST,NONE,CARD
1727,262,4,25,0,1,NONE,VINE,REST,AVARAGE,TRANSFER
1728,0,10,22,4,0,VEGAN,RUM,ACTIVE,NONE,CASH
1729,318,16,2,0,2,NONE,BEER,NONE,BEST,CRYPTO
1730,443,1,34,2,2,ALL,LIQUEUR,REST,GOOD,CARD
1731,179,11,16,0,3,VEGET,BEER,TOURING,NONE,BLIK
1732,14,4,31,2,3,VEGAN,VODKA,NONE,AVARAGE,NONE
1733,137,4,1,2,1,ALL,LIQUEUR,ALL,NONE,CASH
1734,446,12,32,0,1,VEGET,BEER,ACTIVE,OK,CASH
1735,76,3,3,4,1,ALL,LIQUEUR,ALL,GOOD,TRANSFER
1736,397,14,16,2,1,VEGET,BEER,NONE,NONE,CASH
1737,366,4,29,2,2,ALL,VODKA,ALL,BEST,BLIK
1738,320,2,19,0,2,NONE,VODKA,TOURING,GOOD,CASH
1739,223,9,1,2,0,ALL,VODKA,ACTIVE,GOOD,CRYPTO
1740,5,12,4,0,1,ALL,LIQUEUR,TOURING,BEST,NONE
1741,139,10,39,0,1,VEGET,NONE,ALL,OK,TRANSFER
1742,320,8,4,2,2,VEGET,LIQUEUR,REST,NONE,BLIK
1743,9,3,16,0,3,VEGAN,GIN,ACTIVE,BEST,NONE
1744,236,15,33,2,0,NONE,RUM,ALL,OK,CRYPTO
1745,217,2,28,4,2,VEGET,VINE,ACTIVE,NONE,NONE
1746,156,10,12,0,3,VEGET,VINE,REST,OK,CRYPTO
1747,308,9,10,0,2,NONE,GIN,TOURING,AVARAGE,CRYPTO
1748,393,5,15,4,1,ALL,LIQUEUR,ACTIVE,OK,TRANSFER
1749,407,1,28,4,0,VEGET,RUM,REST,AVARAGE,CARD
1750,154,11,1,4,0,ALL,VODKA,NONE,AVARAGE,CRYPTO
1751,194,17,11,4,1,VEGAN,GIN,ALL,BAD,CARD
1752,418,5,39,2,0,NONE,LIQUEUR,ACTIVE,NONE,TRANSFER
1753,325,2,8,4,3,NONE,VODKA,REST,BEST,CRYPTO
1754,86,17,16,0,1,NONE,BEER,REST,OK,CARD
1755,135,7,21,0,3,VEGET,BEER,ALL,OK,CARD
1756,147,13,37,0,3,VEGET,NONE,ACTIVE,NONE,CASH
1757,166,7,38,0,2,NONE,RUM,ALL,NONE,CRYPTO
1758,345,6,28,0,3,VEGAN,BEER,ACTIVE,OK,BLIK
1759,331,17,4,0,3,VEGET,NONE,NONE,BEST,NONE
1760,301,1,30,0,3,NONE,GIN,ALL,BEST,BLIK
1761,243,4,26,0,1,VEGET,BEER,TOURING,BAD,CASH
1762,16,12,21,0,2,VEGAN,VODKA,REST,BAD,CRYPTO
1763,161,12,34,2,3,ALL,NONE,ALL,AVARAGE,NONE
1764,168,14,18,4,1,NONE,GIN,NONE,NONE,CASH
1765,149,0,27,4,0,ALL,BEER,ALL,BAD,CRYPTO
1766,367,19,30,2,2,VEGAN,LIQUEUR,ALL,BAD,CARD
1767,361,5,7,0,3,ALL,VODKA,REST,AVARAGE,TRANSFER
1768,130,5,8,4,2,NONE,NONE,ALL,BEST,CASH
1769,163,18,2,0,3,NONE,GIN,TOURING,AVARAGE,CASH
1770,318,17,24,2,1,NONE,VODKA,NONE,OK,NONE
1771,163,17,34,2,3,VEGAN,VINE,NONE,NONE,CASH
1772,65,12,4,2,2,ALL,VODKA,TOURING,GOOD,NONE
1773,130,2,13,2,0,ALL,BEER,ALL,BEST,CARD
1774,172,9,7,2,3,NONE,VODKA,ACTIVE,OK,CRYPTO
1775,194,10,17,2,2,VEGET,RUM,TOURING,BAD,BLIK
1776,385,1,9,0,2,VEGAN,LIQUEUR,ALL,AVARAGE,NONE
1777,75,6,20,2,1,VEGAN,VODKA,ALL,NONE,TRANSFER
1778,235,9,32,0,0,VEGAN,NONE,ALL,GOOD,NONE
1779,370,12,28,2,0,VEGET,RUM,ACTIVE,BEST,BLIK
1780,372,18,2,2,2,VEGET,LIQUEUR,ACTIVE,AVARAGE,BLIK
1781,244,17,29,4,3,VEGAN,RUM,ACTIVE,AVARAGE,TRANSFER
1782,81,6,16,4,2,VEGAN,BEER,REST,BEST,NONE
1783,26,0,22,0,1,NONE,GIN,NONE,NONE,CARD
1784,155,2,39,4,0,VEGAN,VINE,ALL,GOOD,CASH
1785,168,3,3,0,3,VEGAN,GIN,TOURING,AVARAGE,NONE
1786,198,8,13,2,0,VEGAN,VODKA,ALL,BEST,TRANSFER
1787,107,16,37,4,3,ALL,LIQUEUR,REST,BEST,TRANSFER
1788,240,6,12,4,2,VEGET,BEER,ACTIVE,BAD,TRANSFER
1789,314,10,28,4,1,ALL,BEER,REST,GOOD,CRYPTO
1790,348,19,10,0,1,ALL,BEER,ACTIVE,GOOD,CASH
1791,123,1,17,4,0,VEGAN,RUM,ACTIVE,NONE,TRANSFER
1792,59,9,4,0,0,VEGAN,NONE,NONE,BAD,CRYPTO
1793,258,11,31,2,0,VEGAN,GIN,REST,AVARAGE,CASH
1794,450,12,16,2,3,NONE,LIQUEUR,REST,BAD,CARD
1795,227,12,34,4,1,VEGAN,NONE,ACTIVE,BAD,BLIK
1796,364,1,20,0,0,VEGET,LIQUEUR,NONE,AVARAGE,CARD
1797,57,3,35,4,3,VEGET,BEER,NONE,AVARAGE,NONE
1798,125,17,31,0,0,VEGAN,NONE,ALL,AVARAGE,NONE
1799,57,10,17,4,1,NONE,BEER,ALL,BEST,CARD
1800,152,12,12,2,0,VEGET,RUM,REST,AVARAGE,CASH
1801,139,15,23,2,3,VEGAN,VINE,NONE,GOOD,TRANSFER
1802,278,13,12,4,0,VEGAN,GIN,ALL,NONE,CRYPTO
1803,23,12,8,0,0,ALL,RUM,REST,OK,CASH
1804,427,4,12,0,0,VEGAN,LIQUEUR,TOURING,AVARAGE,TRANSFER
1805,408,16,20,4,3,ALL,RUM,ALL,AVARAGE,TRANSFER
1806,34,6,31,4,1,ALL,NONE,ACTIVE,NONE,TRANSFER
1807,302,7,6,0,1,VEGET,BEER,REST,GOOD,CRYPTO
1808,443,11,30,0,2,NONE,GIN,REST,NONE,CASH
1809,64,12,19,2,2,VEGET,LIQUEUR,TOURING,NONE,CRYPTO
1810,71,8,18,4,2,VEGET,NONE,REST,GOOD,CASH
1811,443,17,35,2,0,VEGAN,GIN,TOURING,AVARAGE,TRANSFER
1812,160,11,4,0,0,VEGAN,GIN,TOURING,GOOD,CRYPTO
1813,57,11,11,4,1,NONE,VODKA,REST,NONE,NONE
1814,74,17,20,0,0,ALL,VINE,ALL,BEST,CARD
1815,198,10,5,2,0,NONE,VODKA,REST,NONE,TRANSFER
1816,294,15,29,2,1,ALL,BEER,REST,OK,CARD
1817,418,18,8,2,3,NONE,VODKA,ACTIVE,AVARAGE,TRANSFER
1818,208,15,16,2,1,VEGAN,RUM,ACTIVE,NONE,CRYPTO
1819,222,0,14,0,2,VEGAN,BEER,REST,BEST,CASH
1820,307,8,14,0,3,NONE,RUM,TOURING,AVARAGE,CRYPTO
1821,422,0,24,2,3,ALL,VODKA,ACTIVE,BEST,TRANSFER
1822,356,0,2,0,0,ALL,RUM,NONE,AVARAGE,CASH
1823,35,3,15,0,0,VEGAN,VODKA,REST,AVARAGE,CRYPTO
1824,310,9,21,0,2,ALL,RUM,TOURING,BEST,TRANSFER
1825,117,0,26,0,1,VEGAN,GIN,ALL,OK,BLIK
1826,129,11,18,0,2,VEGET,VODKA,REST,GOOD,TRANSFER
1827,256,14,27,4,3,VEGAN,BEER,NONE,BEST,BLIK
1828,52,0,4,0,0,VEGAN,BEER,REST,GOOD,TRANSFER
1829,367,4,10,0,1,ALL,LIQUEUR,NONE,GOOD,NONE
1830,65,4,18,2,3,VEGET,GIN,ACTIVE,BAD,NONE
1831,17,12,25,4,2,VEGAN,NONE,ACTIVE,BEST,CARD
1832,251,7,28,0,0,VEGAN,NONE,NONE,BAD,CRYPTO
1833,179,1,21,4,2,VEGET,LIQUEUR,REST,OK,CASH
1834,202,4,9,4,1,NONE,NONE,REST,GOOD,BLIK
1835,29,12,9,2,1,NONE,NONE,TOURING,OK,CARD
1836,430,4,2,0,0,VEGET,BEER,TOURING,GOOD,TRANSFER
1837,233,1,1,0,1,NONE,VODKA,ALL,OK,CRYPTO
1838,136,11,4,2,1,VEGET,VODKA,ALL,BAD,CASH
1839,397,18,20,0,2,ALL,VINE,ALL,GOOD,CRYPTO
1840,331,5,10,4,2,VEGET,NONE,ALL,OK,TRANSFER
1841,200,12,27,4,3,VEGET,VODKA,ACTIVE,BAD,CASH
1842,261,8,32,0,1,NONE,LIQUEUR,NONE,GOOD,CARD
1843,320,0,14,4,0,VEGET,GIN,TOURING,NONE,BLIK
1844,393,12,8,2,2,VEGAN,RUM,NONE,AVARAGE,TRANSFER
1845,266,19,30,0,3,ALL,VODKA,TOURING,NONE,CRYPTO
1846,144,12,21,0,0,NONE,VODKA,ALL,GOOD,CARD
1847,121,14,11,2,3,VEGET,RUM,ACTIVE,AVARAGE,NONE
1848,426,16,29,2,3,NONE,BEER,REST,OK,CARD
1849,411,4,32,4,2,NONE,BEER,ALL,AVARAGE,BLIK
1850,31,3,20,2,2,VEGAN,RUM,ALL,OK,NONE
1851,53,9,11,4,1,VEGAN,NONE,ALL,AVARAGE,NONE
1852,274,11,34,4,2,VEGAN,GIN,ACTIVE,AVARAGE,NONE
1853,257,8,18,2,0,VEGET,GIN,ALL,BAD,NONE
1854,53,17,34,4,0,ALL,RUM,ALL,BEST,CRYPTO
1855,286,0,28,4,3,VEGAN,GIN,TOURING,OK,NONE
1856,318,14,3,2,2,NONE,GIN,ACTIVE,BEST,CARD
1857,207,11,18,2,2,VEGAN,VODKA,TOURING,AVARAGE,TRANSFER
1858,237,19,18,0,1,VEGAN,VINE,TOURING,GOOD,CRYPTO
1859,168,6,28,2,1,NONE,NONE,NONE,GOOD,CARD
1860,106,19,36,0,2,VEGAN,VODKA,ACTIVE,BEST,CRYPTO
1861,277,12,20,2,2,ALL,NONE,REST,BEST,CARD
1862,1,19,33,4,0,ALL,NONE,TOURING,NONE,CARD
1863,240,13,31,0,2,VEGAN,VODKA,ACTIVE,OK,BLIK
1864,39,18,2,0,1,ALL,LIQUEUR,REST,GOOD,NONE
1865,233,18,8,2,1,VEGAN,GIN,NONE,GOOD,BLIK
1866,380,0,18,2,0,VEGAN,VODKA,TOURING,OK,BLIK
1867,372,15,35,2,1,ALL,RUM,ACTIVE,GOOD,CASH
1868,50,4,5,0,1,VEGAN,VINE,NONE,NONE,BLIK
1869,314,8,30,4,1,VEGAN,GIN,NONE,AVARAGE,CARD
1870,428,4,34,4,1,VEGAN,BEER,ACTIVE,NONE,CRYPTO
1871,260,8,16,4,3,VEGAN,NONE,REST,BEST,CARD
1872,144,7,6,0,0,VEGET,VODKA,REST,GOOD,CASH
1873,216,14,23,2,0,VEGET,LIQUEUR,ALL,OK,CARD
1874,168,8,27,0,2,VEGAN,NONE,REST,NONE,NONE
1875,76,13,4,4,3,VEGET,NONE,REST,AVARAGE,CRYPTO
1876,124,14,25,0,3,VEGET,VODKA,NONE,BAD,BLIK
1877,85,10,38,4,3,NONE,LIQUEUR,ACTIVE,NONE,NONE
1878,19,7,39,4,1,NONE,LIQUEUR,NONE,GOOD,BLIK
1879,384,8,33,4,0,NONE,NONE,REST,NONE,CRYPTO
1880,319,18,24,0,2,ALL,VODKA,NONE,OK,CRYPTO
1881,119,4,10,2,0,VEGAN,NONE,REST,AVARAGE,CRYPTO
1882,436,15,7,4,1,VEGET,BEER,ALL,GOOD,CARD
1883,158,13,19,4,2,ALL,NONE,NONE,OK,NONE
1884,383,1,21,2,1,ALL,VODKA,NONE,NONE,TRANSFER
1885,195,2,27,4,1,NONE,BEER,ACTIVE,BAD,BLIK
1886,328,19,21,0,1,VEGAN,VINE,ACTIVE,NONE,CASH
1887,216,10,32,4,2,ALL,NONE,ALL,AVARAGE,CARD
1888,91,6,3,0,2,NONE,VODKA,TOURING,OK,NONE
1889,64,8,23,0,2,ALL,VODKA,REST,BEST,NONE
1890,295,11,5,4,2,VEGAN,VINE,ALL,GOOD,TRANSFER
1891,88,13,26,2,1,VEGAN,VODKA,REST,AVARAGE,TRANSFER
1892,301,15,22,0,1,VEGET,RUM,REST,OK,CRYPTO
1893,402,18,18,0,2,NONE,BEER,REST,GOOD,CASH
1894,143,11,21,4,1,VEGET,VINE,ALL,BAD,NONE
1895,441,9,29,2,2,ALL,VINE,NONE,GOOD,CRYPTO
1896,9,18,37,0,3,VEGAN,BEER,TOURING,AVARAGE,TRANSFER
1897,187,17,29,4,2,NONE,BEER,ACTIVE,OK,CASH
1898,219,16,19,2,3,VEGAN,VODKA,ALL,BEST,CARD
1899,357,8,7,4,0,ALL,VODKA,ACTIVE,BAD,BLIK
1900,8,5,2,0,3,ALL,BEER,REST,AVARAGE,CASH
1901,18,10,26,4,2,VEGAN,VINE,TOURING,BAD,NONE
1902,329,5,1,0,3,ALL,VODKA,REST,GOOD,NONE
1903,198,4,30,2,0,VEGAN,VINE,REST,NONE,TRANSFER
1904,262,10,17,2,0,NONE,NONE,ALL,GOOD,TRANSFER
1905,127,6,11,4,3,NONE,VODKA,ALL,BAD,TRANSFER
1906,389,4,4,2,3,NONE,LIQUEUR,ACTIVE,BAD,CARD
1907,423,1,3,2,1,ALL,RUM,TOURING,AVARAGE,CRYPTO
1908,203,3,12,2,0,NONE,LIQUEUR,REST,BEST,CRYPTO
1909,180,11,31,4,3,VEGET,RUM,ACTIVE,NONE,CRYPTO
1910,416,19,28,2,0,ALL,NONE,ACTIVE,BAD,CRYPTO
1911,153,0,27,4,1,ALL,RUM,REST,AVARAGE,TRANSFER
1912,242,15,33,2,3,ALL,GIN,ACTIVE,OK,BLIK
1913,43,6,30,2,1,NONE,LIQUEUR,ALL,BEST,CASH
1914,309,19,29,2,1,ALL,BEER,ACTIVE,OK,NONE
1915,219,19,38,4,3,VEGAN,NONE,ALL,GOOD,CRYPTO
1916,237,4,35,4,2,NONE,GIN,ACTIVE,AVARAGE,NONE
1917,329,3,14,2,0,NONE,VINE,TOURING,BEST,TRANSFER
1918,188,12,39,4,0,NONE,LIQUEUR,REST,GOOD,BLIK
1919,45,7,11,4,0,VEGAN,GIN,TOURING,OK,CARD
1920,382,11,12,2,0,VEGAN,NONE,TOURING,GOOD,NONE
1921,184,0,33,0,1,VEGAN,GIN,TOURING,OK,TRANSFER
1922,458,11,18,0,1,VEGET,VODKA,NONE,BEST,CASH
1923,394,1,35,0,1,VEGAN,LIQUEUR,TOURING,NONE,NONE
1924,266,7,21,0,1,ALL,LIQUEUR,NONE,BEST,CASH
1925,290,18,24,4,2,ALL,VODKA,ACTIVE,BAD,CRYPTO
1926,198,19,31,4,0,VEGAN,VODKA,ALL,GOOD,CRYPTO
1927,163,2,23,2,0,VEGET,GIN,NONE,GOOD,CRYPTO
1928,232,6,20,0,2,VEGET,GIN,ALL,OK,CARD
1929,209,14,9,0,0,ALL,NONE,TOURING,BAD,CASH
1930,359,0,25,4,0,VEGAN,VODKA,ALL,NONE,NONE
1931,281,15,23,0,3,NONE,BEER,NONE,OK,BLIK
1932,35,6,9,0,2,NONE,GIN,NONE,OK,NONE
1933,161,5,38,2,1,ALL,VODKA,ACTIVE,BEST,BLIK
1934,140,15,5,4,3,VEGAN,GIN,ALL,AVARAGE,NONE
1935,99,18,20,0,3,NONE,LIQUEUR,TOURING,BAD,BLIK
1936,321,1,38,4,0,ALL,RUM,NONE,NONE,CRYPTO
1937,233,1,5,4,2,ALL,RUM,ALL,AVARAGE,CASH
1938,178,4,26,0,2,NONE,GIN,REST,NONE,NONE
1939,58,2,13,4,2,VEGET,RUM,NONE,NONE,CRYPTO
1940,280,13,29,2,3,VEGAN,VODKA,ALL,GOOD,CASH
1941,334,18,21,2,3,VEGET,BEER,ALL,BEST,TRANSFER
1942,250,3,32,4,3,VEGAN,RUM,REST,BAD,TRANSFER
1943,262,3,1,0,2,NONE,RUM,ALL,OK,CASH
1944,313,17,17,4,0,VEGET,LIQUEUR,ALL,OK,CARD
1945,262,2,10,0,2,NONE,RUM,ALL,BEST,TRANSFER
1946,176,15,22,4,2,NONE,VINE,ALL,BEST,BLIK
1947,443,0,22,0,0,VEGAN,NONE,NONE,BAD,CASH
1948,48,7,16,2,0,ALL,LIQUEUR,REST,NONE,CARD
1949,6,5,36,4,3,VEGAN,BEER,NONE,BAD,TRANSFER
1950,413,14,35,2,0,VEGET,LIQUEUR,NONE,OK,TRANSFER
1951,386,7,2,0,1,VEGAN,GIN,ALL,NONE,CARD
1952,278,12,37,0,3,VEGET,NONE,ALL,BAD,CRYPTO
1953,104,14,35,4,3,VEGAN,GIN,ALL,AVARAGE,CRYPTO
1954,138,7,8,0,0,ALL,VODKA,NONE,AVARAGE,CASH
1955,400,16,35,4,0,NONE,GIN,ALL,OK,TRANSFER
1956,343,19,23,2,2,VEGET,GIN,ALL,BAD,BLIK
1957,98,16,31,4,1,ALL,LIQUEUR,TOURING,BAD,NONE
1958,50,19,38,2,1,VEGAN,NONE,REST,BAD,NONE
1959,255,18,1,2,2,NONE,RUM,ALL,BAD,NONE
1960,389,2,2,2,2,ALL,VODKA,TOURING,OK,NONE
1961,425,2,3,2,0,ALL,GIN,REST,GOOD,TRANSFER
1962,453,17,4,2,1,VEGET,GIN,NONE,GOOD,BLIK
1963,265,9,29,4,1,ALL,BEER,ACTIVE,BEST,CRYPTO
1964,174,15,24,2,3,ALL,LIQUEUR,TOURING,AVARAGE,BLIK
1965,3,15,23,2,0,VEGET,GIN,REST,BEST,TRANSFER
1966,91,13,11,4,3,VEGET,NONE,REST,BAD,TRANSFER
1967,271,18,31,4,2,VEGAN,GIN,ACTIVE,GOOD,CRYPTO
1968,242,4,6,4,2,NONE,RUM,REST,BEST,BLIK
1969,90,6,34,0,0,NONE,LIQUEUR,REST,AVARAGE,BLIK
1970,133,8,15,2,3,NONE,VODKA,NONE,OK,CASH
1971,151,7,31,2,3,VEGET,NONE,ALL,GOOD,CRYPTO
1972,43,0,13,2,3,ALL,GIN,TOURING,NONE,TRANSFER
1973,399,19,13,2,1,VEGET,RUM,ALL,OK,CASH
1974,237,7,37,4,0,ALL,GIN,TOURING,GOOD,BLIK
1975,338,16,13,0,1,VEGAN,VODKA,ALL,GOOD,CRYPTO
1976,342,7,11,2,3,ALL,VINE,ALL,BAD,TRANSFER
1977,112,1,6,4,2,VEGET,NONE,REST,NONE,CARD
1978,304,12,36,4,1,VEGET,RUM,TOURING,AVARAGE,CASH
1979,403,2,19,4,3,ALL,VINE,REST,BAD,BLIK
1980,125,14,25,2,3,VEGAN,GIN,TOURING,OK,CASH
1981,22,10,7,0,2,NONE,NONE,ACTIVE,BAD,BLIK
1982,227,0,8,0,1,VEGAN,BEER,ALL,NONE,NONE
1983,78,8,13,2,1,NONE,VINE,ALL,NONE,TRANSFER
1984,71,5,8,2,0,VEGAN,GIN,ALL,OK,CARD
1985,211,14,25,0,1,NONE,VODKA,TOURING,BAD,TRANSFER
1986,411,12,5,0,1,NONE,BEER,REST,BAD,NONE
1987,378,1,33,2,2,VEGAN,VINE,ALL,NONE,BLIK
1988,270,11,10,2,1,VEGET,NONE,ACTIVE,NONE,NONE
1989,401,8,29,4,3,NONE,BEER,ALL,OK,TRANSFER
1990,192,3,6,0,2,VEGAN,RUM,NONE,GOOD,CRYPTO
1991,151,16,15,2,3,VEGET,NONE,TOURING,BAD,CASH
1992,442,6,11,4,0,NONE,RUM,TOURING,NONE,NONE
1993,85,0,20,0,3,VEGET,GIN,REST,BAD,BLIK
1994,435,17,2,0,1,ALL,NONE,TOURING,NONE,CASH
1995,144,13,7,2,2,ALL,RUM,REST,GOOD,TRANSFER
1996,268,0,15,0,0,VEGAN,RUM,TOURING,GOOD,NONE
1997,253,3,16,4,2,NONE,VODKA,NONE,NONE,BLIK
1998,132,19,11,0,1,ALL,RUM,TOURING,BAD,NONE
1999,386,17,11,0,0,VEGAN,RUM,ACTIVE,GOOD,CRYPTO
